"","Site","Experiment","Chamber","Start.Date","End.Date","Number of Observations"
"1","ARL","101","on_fert_band",2012-03-30,2015-11-13,98
"2","ARL","101","off_fert_band",2012-03-30,2015-11-13,98
"3","ARL","104","on_fert_band",2012-03-30,2015-11-13,97
"4","ARL","104","off_fert_band",2012-03-30,2015-11-13,98
"5","ARL","105","off_fert_band",2012-03-30,2015-11-13,98
"6","ARL","105","on_fert_band",2012-03-30,2015-11-13,96
"7","ARL","111","off_fert_band",2012-03-30,2015-11-13,98
"8","ARL","111","on_fert_band",2012-03-30,2015-11-13,96
"9","ARL","113","off_fert_band",2012-03-30,2015-11-13,98
"10","ARL","113","on_fert_band",2012-03-30,2015-11-13,98
"11","ARL","114","off_fert_band",2012-03-30,2015-11-13,98
"12","ARL","114","on_fert_band",2012-03-30,2015-11-13,97
"13","ARL","203","off_fert_band",2012-03-30,2015-11-13,98
"14","ARL","203","on_fert_band",2012-03-30,2015-11-13,97
"15","ARL","204","on_fert_band",2012-03-30,2015-11-13,97
"16","ARL","204","off_fert_band",2012-03-30,2015-11-13,98
"17","ARL","205","on_fert_band",2012-03-30,2015-11-13,98
"18","ARL","205","off_fert_band",2012-03-30,2015-11-13,97
"19","ARL","206","off_fert_band",2012-03-30,2015-11-13,98
"20","ARL","206","on_fert_band",2012-03-30,2015-11-13,96
"21","ARL","207","on_fert_band",2012-03-30,2015-11-13,98
"22","ARL","207","off_fert_band",2012-03-30,2015-11-13,97
"23","ARL","214","off_fert_band",2012-03-30,2015-11-13,98
"24","ARL","214","on_fert_band",2012-03-30,2015-11-13,98
"25","ARL","301","off_fert_band",2012-03-30,2015-11-13,98
"26","ARL","301","on_fert_band",2012-03-30,2015-11-13,97
"27","ARL","302","off_fert_band",2012-03-30,2015-11-13,97
"28","ARL","302","on_fert_band",2012-03-30,2015-11-13,98
"29","ARL","304","off_fert_band",2012-03-30,2015-11-13,98
"30","ARL","304","on_fert_band",2012-03-30,2015-11-13,98
"31","ARL","305","on_fert_band",2012-03-30,2015-11-13,98
"32","ARL","305","off_fert_band",2012-03-30,2015-11-13,98
"33","ARL","308","on_fert_band",2012-03-30,2015-11-13,97
"34","ARL","308","off_fert_band",2012-03-30,2015-11-13,98
"35","ARL","309","off_fert_band",2012-03-30,2015-11-13,97
"36","ARL","309","on_fert_band",2012-03-30,2015-11-13,98
"37","BRADFORD.A","102","on_fert_band",2012-04-24,2015-09-22,88
"38","BRADFORD.A","103","on_fert_band",2012-04-24,2015-09-22,86
"39","BRADFORD.A","104","on_fert_band",2012-04-24,2015-09-22,85
"40","BRADFORD.A","105","on_fert_band",2012-04-24,2015-09-22,86
"41","BRADFORD.A","201","on_fert_band",2012-04-25,2015-09-22,80
"42","BRADFORD.A","202","on_fert_band",2012-04-25,2015-09-22,81
"43","BRADFORD.A","203","on_fert_band",2012-04-25,2015-09-22,80
"44","BRADFORD.A","204","on_fert_band",2012-04-25,2015-09-22,79
"45","BRADFORD.A","205","on_fert_band",2012-04-25,2015-09-22,76
"46","BRADFORD.A","301","on_fert_band",2012-04-25,2015-09-21,85
"47","BRADFORD.A","302","on_fert_band",2012-04-25,2015-09-21,83
"48","BRADFORD.A","303","on_fert_band",2012-04-25,2015-09-21,86
"49","BRADFORD.A","304","on_fert_band",2012-04-25,2015-09-21,84
"50","BRADFORD.A","305","on_fert_band",2012-04-25,2015-09-21,81
"51","BRADFORD.A","401","on_fert_band",2012-04-25,2015-09-21,83
"52","BRADFORD.A","402","on_fert_band",2012-04-25,2015-09-21,83
"53","BRADFORD.A","403","on_fert_band",2012-04-25,2015-09-21,82
"54","BRADFORD.A","404","on_fert_band",2012-04-25,2015-09-21,82
"55","BRADFORD.A","405","on_fert_band",2012-04-25,2015-09-21,78
"56","BRADFORD.A","101","on_fert_band",2012-05-16,2015-09-22,82
"57","FREEMAN","17","on_broadcast",2012-08-09,2012-09-06,2
"58","FREEMAN","18","on_broadcast",2012-08-09,2012-09-06,2
"59","FREEMAN","19","on_broadcast",2012-08-09,2012-09-06,2
"60","FREEMAN","20","on_broadcast",2012-08-09,2012-09-06,2
"61","FREEMAN","29","on_broadcast",2012-08-09,2012-09-06,2
"62","FREEMAN","30","on_broadcast",2012-08-09,2012-09-06,2
"63","FREEMAN","31","on_broadcast",2012-08-09,2012-09-06,2
"64","FREEMAN","32","on_broadcast",2012-08-09,2015-10-20,35
"65","FREEMAN","41","on_broadcast",2012-08-09,2012-09-06,2
"66","FREEMAN","42","on_broadcast",2012-08-09,2012-09-06,2
"67","FREEMAN","43","on_broadcast",2012-08-09,2012-09-06,2
"68","FREEMAN","44","on_broadcast",2012-08-09,2015-10-20,35
"69","FREEMAN","5","on_broadcast",2012-08-09,2012-09-06,2
"70","FREEMAN","6","on_broadcast",2012-08-09,2015-10-20,35
"71","FREEMAN","7","on_broadcast",2012-08-09,2015-10-20,35
"72","FREEMAN","8","on_broadcast",2012-08-09,2012-09-06,2
"73","FREEMAN","13","on_broadcast",2013-06-12,2015-10-20,33
"74","FREEMAN","16","on_broadcast",2013-06-12,2015-10-20,33
"75","FREEMAN","2","on_broadcast",2013-06-12,2015-10-20,33
"76","FREEMAN","22","on_broadcast",2013-06-12,2015-10-20,33
"77","FREEMAN","24","on_broadcast",2013-06-12,2015-10-20,33
"78","FREEMAN","28","on_broadcast",2013-06-12,2015-10-20,33
"79","FREEMAN","34","on_broadcast",2013-06-12,2015-10-20,33
"80","FREEMAN","36","on_broadcast",2013-06-12,2015-10-20,33
"81","FREEMAN","38","on_broadcast",2013-06-12,2015-10-20,32
"82","FREEMAN","39","on_broadcast",2013-06-12,2015-10-20,33
"83","FREEMAN","4","on_broadcast",2013-06-12,2015-10-20,33
"84","FREEMAN","47","on_broadcast",2013-06-12,2015-10-20,33
"85","HICKS.B","BE32","on_broadcast",2012-04-04,2015-09-25,67
"86","HICKS.B","BE40","on_broadcast",2012-04-04,2015-09-25,66
"87","HICKS.B","BW19","on_broadcast",2012-04-04,2015-09-25,66
"88","HICKS.B","BW8","on_broadcast",2012-04-04,2015-09-25,66
"89","HICKS.G","GA6","on_broadcast",2012-04-04,2015-09-25,62
"90","HICKS.G","GA7","on_broadcast",2012-04-04,2015-09-25,62
"91","HICKS.G","GB11","on_broadcast",2012-04-04,2015-09-25,63
"92","HICKS.G","GB20","on_broadcast",2012-04-04,2015-09-25,63
"93","HICKS.G","GC17","on_broadcast",2012-04-04,2015-09-25,63
"94","HICKS.G","GC21","on_broadcast",2012-04-04,2015-09-25,62
"95","HICKS.G","GD23","on_broadcast",2012-04-04,2015-09-25,63
"96","HICKS.G","GD24","on_broadcast",2012-04-04,2015-09-25,64
"97","HICKS.P","P14","on_broadcast",2012-04-04,2015-09-25,58
"98","HICKS.P","P2","on_broadcast",2012-04-04,2015-09-25,57
"99","HOYTVILLE.LTR","104","on_fert_band",2011-07-13,2011-10-06,7
"100","HOYTVILLE.LTR","104","off_fert_band",2011-07-13,2011-10-06,7
"101","HOYTVILLE.LTR","110","on_fert_band",2011-07-13,2012-07-13,10
"102","HOYTVILLE.LTR","110","off_fert_band",2011-07-13,2012-07-13,10
"103","HOYTVILLE.LTR","112","off_fert_band",2011-07-13,2012-07-13,10
"104","HOYTVILLE.LTR","112","on_fert_band",2011-07-13,2013-09-25,15
"105","HOYTVILLE.LTR","118","on_fert_band",2011-07-13,2013-09-25,15
"106","HOYTVILLE.LTR","118","off_fert_band",2011-07-13,2012-07-13,10
"107","HOYTVILLE.LTR","203","off_fert_band",2011-07-13,2012-07-13,10
"108","HOYTVILLE.LTR","203","on_fert_band",2011-07-13,2013-09-25,15
"109","HOYTVILLE.LTR","209","off_fert_band",2011-07-13,2011-10-06,7
"110","HOYTVILLE.LTR","209","on_fert_band",2011-07-13,2011-10-06,7
"111","HOYTVILLE.LTR","213","on_fert_band",2011-07-13,2013-09-25,15
"112","HOYTVILLE.LTR","213","off_fert_band",2011-07-13,2012-07-13,10
"113","HOYTVILLE.LTR","214","on_fert_band",2011-07-13,2013-09-25,12
"114","HOYTVILLE.LTR","214","off_fert_band",2011-07-13,2011-10-06,7
"115","HOYTVILLE.LTR","301","on_fert_band",2011-07-13,2013-09-25,15
"116","HOYTVILLE.LTR","301","off_fert_band",2011-07-13,2012-07-13,10
"117","HOYTVILLE.LTR","303","off_fert_band",2011-07-13,2012-07-13,10
"118","HOYTVILLE.LTR","303","on_fert_band",2011-07-13,2012-07-13,10
"119","HOYTVILLE.LTR","310","on_fert_band",2011-07-13,2013-09-25,15
"120","HOYTVILLE.LTR","310","off_fert_band",2011-07-13,2012-07-13,10
"121","HOYTVILLE.LTR","314","on_fert_band",2011-07-13,2011-10-06,7
"122","HOYTVILLE.LTR","314","off_fert_band",2011-07-13,2011-10-06,7
"123","HOYTVILLE.LTR","105","on_fert_band",2012-06-15,2013-09-25,8
"124","HOYTVILLE.LTR","105","off_fert_band",2012-06-15,2012-07-13,3
"125","HOYTVILLE.LTR","208","off_fert_band",2012-06-15,2012-07-13,3
"126","HOYTVILLE.LTR","208","on_fert_band",2012-06-15,2013-09-25,8
"127","HOYTVILLE.LTR","315","on_fert_band",2012-06-15,2013-09-25,8
"128","HOYTVILLE.LTR","315","off_fert_band",2012-06-15,2012-07-13,3
"129","HOYTVILLE.LTR","111","on_fert_band",2013-06-17,2013-09-25,5
"130","HOYTVILLE.LTR","304","on_fert_band",2013-06-17,2013-09-25,5
"131","ISUAG","101W","off_fert_band",2011-04-05,2012-09-11,22
"132","ISUAG","101W","on_fert_band",2011-04-05,2012-09-11,22
"133","ISUAG","104W","off_fert_band",2011-04-05,2012-09-11,22
"134","ISUAG","104W","on_fert_band",2011-04-05,2012-09-11,22
"135","ISUAG","208W","off_fert_band",2011-04-07,2012-09-11,22
"136","ISUAG","208W","on_fert_band",2011-04-07,2012-09-11,22
"137","ISUAG","209W","off_fert_band",2011-04-07,2012-09-11,23
"138","ISUAG","209W","on_fert_band",2011-04-07,2012-09-11,23
"139","ISUAG","302W","off_fert_band",2011-04-08,2012-09-11,21
"140","ISUAG","302W","on_fert_band",2011-04-08,2012-09-11,21
"141","ISUAG","311W","off_fert_band",2011-04-08,2012-09-11,23
"142","ISUAG","311W","on_fert_band",2011-04-08,2012-09-11,23
"143","ISUAG","402W","on_fert_band",2011-04-11,2012-09-11,22
"144","ISUAG","402W","off_fert_band",2011-04-11,2012-09-11,21
"145","ISUAG","408W","off_fert_band",2011-04-11,2012-09-11,21
"146","ISUAG","408W","on_fert_band",2011-04-11,2012-09-11,21
"147","ISUAG","101W","on_and_off_fert_band",2013-05-07,2015-10-26,33
"148","ISUAG","104W","on_and_off_fert_band",2013-05-07,2015-10-26,33
"149","ISUAG","208W","on_and_off_fert_band",2013-05-07,2015-10-26,33
"150","ISUAG","209W","on_and_off_fert_band",2013-05-07,2015-10-26,33
"151","ISUAG","302W","on_and_off_fert_band",2013-05-07,2015-10-26,33
"152","ISUAG","311W","on_and_off_fert_band",2013-05-07,2015-10-26,33
"153","ISUAG","402W","on_and_off_fert_band",2013-05-07,2015-10-26,31
"154","ISUAG","408W","on_and_off_fert_band",2013-05-07,2015-10-26,31
"155","KELLOGG","105","on_and_off_fert_band",2012-05-24,2012-07-24,7
"156","KELLOGG","106","on_and_off_fert_band",2012-05-24,2012-07-24,7
"157","KELLOGG","207","on_and_off_fert_band",2012-05-24,2012-07-24,7
"158","KELLOGG","208","on_and_off_fert_band",2012-05-24,2012-07-24,7
"159","KELLOGG","303","on_and_off_fert_band",2012-05-24,2012-07-23,8
"160","KELLOGG","304","on_and_off_fert_band",2012-05-24,2012-07-23,8
"161","KELLOGG","405","on_and_off_fert_band",2012-05-25,2012-07-23,7
"162","KELLOGG","406","on_and_off_fert_band",2012-05-25,2012-07-23,7
"163","KELLOGG","507","on_and_off_fert_band",2012-05-25,2012-07-23,6
"164","KELLOGG","508","on_and_off_fert_band",2012-05-25,2012-07-23,6
"165","KELLOGG","601","on_and_off_fert_band",2012-05-25,2012-07-24,6
"166","KELLOGG","602","on_and_off_fert_band",2012-05-25,2012-07-24,6
"167","KELLOGG","107","on_broadcast",2013-06-14,2015-09-05,13
"168","KELLOGG","108","on_broadcast",2013-06-14,2015-09-05,12
"169","KELLOGG","205","on_broadcast",2013-06-14,2015-09-05,17
"170","KELLOGG","206","on_broadcast",2013-06-14,2015-09-05,17
"171","KELLOGG","301","on_broadcast",2013-06-14,2015-09-05,17
"172","KELLOGG","302","on_broadcast",2013-06-14,2015-09-05,17
"173","KELLOGG","407","on_broadcast",2013-06-14,2015-08-13,16
"174","KELLOGG","408","on_broadcast",2013-06-14,2015-08-13,16
"175","KELLOGG","505","on_broadcast",2013-06-14,2015-08-13,16
"176","KELLOGG","506","on_broadcast",2013-06-14,2015-08-13,16
"177","KELLOGG","603","on_broadcast",2013-06-14,2015-08-13,12
"178","KELLOGG","604","on_broadcast",2013-06-14,2015-08-13,12
"179","KELLOGG","105","on_broadcast",2014-05-19,2014-08-08,4
"180","KELLOGG","106","on_broadcast",2014-05-19,2014-08-08,4
"181","KELLOGG","207","on_broadcast",2014-05-19,2015-09-05,9
"182","KELLOGG","208","on_broadcast",2014-05-19,2015-09-05,9
"183","KELLOGG","303","on_broadcast",2014-05-19,2015-08-12,8
"184","KELLOGG","304","on_broadcast",2014-05-19,2015-08-12,8
"185","KELLOGG","405","on_broadcast",2014-05-19,2015-08-13,8
"186","KELLOGG","406","on_broadcast",2014-05-19,2015-08-13,8
"187","KELLOGG","507","on_broadcast",2014-05-19,2014-08-08,4
"188","KELLOGG","508","on_broadcast",2014-05-19,2014-08-08,4
"189","KELLOGG","601","on_broadcast",2014-05-19,2015-08-13,8
"190","KELLOGG","602","on_broadcast",2014-05-19,2015-08-13,8
"191","LAN","126","on_broadcast",2012-04-02,2014-11-16,94
"192","LAN","129","on_broadcast",2012-04-02,2014-11-16,94
"193","LAN","147","on_broadcast",2012-04-02,2014-11-16,94
"194","LAN","161","on_broadcast",2012-04-02,2014-11-16,94
"195","LAN","165","on_broadcast",2012-04-02,2014-11-16,94
"196","LAN","179","on_broadcast",2012-04-02,2014-11-16,90
"197","LAN","204","on_broadcast",2012-04-02,2014-11-16,94
"198","LAN","224","on_broadcast",2012-04-02,2014-11-16,94
"199","LAN","233","on_broadcast",2012-04-02,2014-11-16,94
"200","LAN","256","on_broadcast",2012-04-02,2014-11-16,94
"201","LAN","264","on_broadcast",2012-04-02,2014-11-16,92
"202","LAN","277","on_broadcast",2012-04-02,2014-11-16,94
"203","MAR","101","on_fert_band",2012-04-04,2014-11-19,41
"204","MAR","101","off_fert_band",2012-04-04,2014-11-19,41
"205","MAR","103","off_fert_band",2012-04-04,2014-11-19,41
"206","MAR","103","on_fert_band",2012-04-04,2014-11-19,41
"207","MAR","104","off_fert_band",2012-04-04,2014-11-19,41
"208","MAR","104","on_fert_band",2012-04-04,2014-11-19,41
"209","MAR","105","on_fert_band",2012-04-04,2014-11-19,41
"210","MAR","105","off_fert_band",2012-04-04,2014-11-19,41
"211","MAR","107","off_fert_band",2012-04-04,2014-11-19,40
"212","MAR","107","on_fert_band",2012-04-04,2014-11-19,40
"213","MAR","108","on_fert_band",2012-04-04,2014-11-19,41
"214","MAR","108","off_fert_band",2012-04-04,2014-11-19,41
"215","MAR","201","on_fert_band",2012-04-04,2014-11-19,40
"216","MAR","201","off_fert_band",2012-04-04,2014-11-19,40
"217","MAR","202","off_fert_band",2012-04-04,2014-11-19,40
"218","MAR","202","on_fert_band",2012-04-04,2014-11-19,41
"219","MAR","204","on_fert_band",2012-04-04,2014-11-19,41
"220","MAR","204","off_fert_band",2012-04-04,2014-11-19,41
"221","MAR","205","off_fert_band",2012-04-04,2014-11-19,40
"222","MAR","205","on_fert_band",2012-04-04,2014-11-19,41
"223","MAR","206","on_fert_band",2012-04-04,2014-11-19,41
"224","MAR","206","off_fert_band",2012-04-04,2014-11-19,41
"225","MAR","208","off_fert_band",2012-04-04,2014-11-19,41
"226","MAR","208","on_fert_band",2012-04-04,2014-11-19,41
"227","MAR","301","off_fert_band",2012-04-04,2014-11-19,41
"228","MAR","301","on_fert_band",2012-04-04,2014-11-19,41
"229","MAR","304","off_fert_band",2012-04-04,2014-11-19,41
"230","MAR","304","on_fert_band",2012-04-04,2014-11-19,41
"231","MAR","305","on_fert_band",2012-04-04,2014-11-19,40
"232","MAR","305","off_fert_band",2012-04-04,2014-11-19,40
"233","MAR","306","off_fert_band",2012-04-04,2014-11-19,41
"234","MAR","306","on_fert_band",2012-04-04,2014-11-19,41
"235","MAR","307","off_fert_band",2012-04-04,2014-11-19,41
"236","MAR","307","on_fert_band",2012-04-04,2014-11-19,41
"237","MAR","303","on_fert_band",2012-04-18,2014-11-19,40
"238","MAR","303","off_fert_band",2012-04-18,2014-11-19,40
"239","MASON","103","on_and_off_fert_band",2012-05-08,2012-07-17,9
"240","MASON","104","on_and_off_fert_band",2012-05-08,2012-07-17,9
"241","MASON","205","on_and_off_fert_band",2012-05-08,2012-07-20,10
"242","MASON","206","on_and_off_fert_band",2012-05-08,2012-07-20,10
"243","MASON","305","on_and_off_fert_band",2012-05-08,2012-07-20,10
"244","MASON","306","on_and_off_fert_band",2012-05-08,2012-07-20,10
"245","MASON","407","on_and_off_fert_band",2012-05-09,2012-07-16,9
"246","MASON","408","on_and_off_fert_band",2012-05-09,2012-07-16,9
"247","MASON","505","on_and_off_fert_band",2012-05-09,2012-07-20,10
"248","MASON","506","on_and_off_fert_band",2012-05-09,2012-07-20,10
"249","MASON","603","on_and_off_fert_band",2012-05-09,2012-07-16,9
"250","MASON","604","on_and_off_fert_band",2012-05-09,2012-07-16,9
"251","MASON","103","on_broadcast",2013-03-15,2014-09-26,12
"252","MASON","104","on_broadcast",2013-03-15,2014-09-26,12
"253","MASON","305","on_broadcast",2013-03-15,2015-08-25,18
"254","MASON","306","on_broadcast",2013-03-15,2015-08-25,20
"255","MASON","505","on_broadcast",2013-03-15,2015-08-25,17
"256","MASON","506","on_broadcast",2013-03-15,2015-08-25,18
"257","MASON","603","on_broadcast",2013-04-12,2015-08-11,11
"258","MASON","205","on_broadcast",2013-04-16,2015-08-24,15
"259","MASON","206","on_broadcast",2013-04-16,2015-08-24,18
"260","MASON","407","on_broadcast",2013-05-16,2014-09-26,7
"261","MASON","408","on_broadcast",2013-05-16,2015-06-03,8
"262","MASON","604","on_broadcast",2013-05-17,2015-08-11,11
"263","MASON","101","on_broadcast",2013-06-12,2015-08-24,16
"264","MASON","102","on_broadcast",2013-06-12,2015-08-24,17
"265","MASON","207","on_broadcast",2013-06-12,2015-08-24,22
"266","MASON","208","on_broadcast",2013-06-12,2015-08-24,22
"267","MASON","307","on_broadcast",2013-06-12,2015-08-24,21
"268","MASON","308","on_broadcast",2013-06-12,2015-08-24,21
"269","MASON","405","on_broadcast",2013-06-12,2015-08-25,15
"270","MASON","406","on_broadcast",2013-06-12,2015-08-25,15
"271","MASON","507","on_broadcast",2013-06-12,2015-08-25,21
"272","MASON","508","on_broadcast",2013-06-12,2015-08-25,21
"273","MASON","601","on_broadcast",2013-06-12,2015-06-03,15
"274","MASON","602","on_broadcast",2013-06-12,2015-06-03,14
"275","NWREC","1061","on_broadcast",2012-03-20,2012-05-30,4
"276","NWREC","1062","on_broadcast",2012-03-20,2012-07-03,7
"277","NWREC","2051","on_broadcast",2012-03-20,2012-07-03,7
"278","NWREC","2052","on_broadcast",2012-03-20,2012-05-30,4
"279","NWREC","3011","on_broadcast",2012-03-20,2012-05-30,4
"280","NWREC","3012","on_broadcast",2012-03-20,2012-07-03,7
"281","NWREC","4081","on_broadcast",2012-03-20,2012-05-30,4
"282","NWREC","4082","on_broadcast",2012-03-20,2012-07-03,6
"283","NWREC","1012","on_fert_band",2012-04-19,2014-10-01,27
"284","NWREC","1012","off_fert_band",2012-04-19,2014-10-01,27
"285","NWREC","1022","off_fert_band",2012-04-19,2015-09-17,35
"286","NWREC","1022","on_fert_band",2012-04-19,2015-09-17,35
"287","NWREC","1101","on_fert_band",2012-04-19,2015-09-17,60
"288","NWREC","1101","off_fert_band",2012-04-19,2015-09-17,60
"289","NWREC","2031","on_fert_band",2012-04-19,2015-09-17,57
"290","NWREC","2031","off_fert_band",2012-04-19,2015-09-17,57
"291","NWREC","2062","on_fert_band",2012-04-19,2015-09-17,34
"292","NWREC","2062","off_fert_band",2012-04-19,2015-09-17,34
"293","NWREC","2072","off_fert_band",2012-04-19,2014-10-01,27
"294","NWREC","2072","on_fert_band",2012-04-19,2014-10-01,27
"295","NWREC","3061","off_fert_band",2012-04-19,2015-09-17,34
"296","NWREC","3061","on_fert_band",2012-04-19,2015-09-17,34
"297","NWREC","3092","off_fert_band",2012-04-19,2015-09-17,58
"298","NWREC","3092","on_fert_band",2012-04-19,2015-09-17,58
"299","NWREC","3102","off_fert_band",2012-04-19,2014-10-01,25
"300","NWREC","3102","on_fert_band",2012-04-19,2014-10-01,25
"301","NWREC","4022","off_fert_band",2012-04-19,2015-09-17,34
"302","NWREC","4022","on_fert_band",2012-04-19,2015-09-17,34
"303","NWREC","4052","off_fert_band",2012-04-19,2014-10-01,27
"304","NWREC","4052","on_fert_band",2012-04-19,2014-10-01,27
"305","NWREC","4061","off_fert_band",2012-04-19,2015-09-17,59
"306","NWREC","4061","on_fert_band",2012-04-19,2015-09-17,59
"307","NWREC","1011","on_fert_band",2012-05-01,2014-10-01,19
"308","NWREC","1011","off_fert_band",2012-05-01,2014-10-01,19
"309","NWREC","1102","off_fert_band",2012-05-01,2015-09-17,54
"310","NWREC","1102","on_fert_band",2012-05-01,2015-09-17,54
"311","NWREC","2032","off_fert_band",2012-05-01,2015-09-17,53
"312","NWREC","2032","on_fert_band",2012-05-01,2015-09-17,53
"313","NWREC","2071","on_fert_band",2012-05-01,2014-10-01,20
"314","NWREC","2071","off_fert_band",2012-05-01,2014-10-01,20
"315","NWREC","3091","off_fert_band",2012-05-09,2015-09-17,52
"316","NWREC","3091","on_fert_band",2012-05-09,2015-09-17,52
"317","NWREC","3101","on_fert_band",2012-05-09,2014-10-01,19
"318","NWREC","3101","off_fert_band",2012-05-09,2014-10-01,19
"319","NWREC","4051","on_fert_band",2012-05-09,2014-10-01,19
"320","NWREC","4051","off_fert_band",2012-05-09,2014-10-01,19
"321","NWREC","4062","off_fert_band",2012-05-09,2015-09-17,54
"322","NWREC","4062","on_fert_band",2012-05-09,2015-09-17,54
"323","NWREC","1072","on_broadcast",2012-05-16,2013-11-07,14
"324","NWREC","1081","on_broadcast",2012-05-16,2015-09-17,45
"325","NWREC","1091","on_broadcast",2012-05-16,2014-10-01,18
"326","NWREC","1092","on_broadcast",2012-05-16,2014-10-01,14
"327","NWREC","2011","on_broadcast",2012-05-16,2013-11-07,15
"328","NWREC","2091","on_broadcast",2012-05-16,2014-10-01,18
"329","NWREC","2092","on_broadcast",2012-05-16,2014-10-01,15
"330","NWREC","2101","on_broadcast",2012-05-16,2015-09-17,46
"331","NWREC","3031","on_broadcast",2012-05-16,2014-10-01,14
"332","NWREC","3032","on_broadcast",2012-05-16,2014-10-01,16
"333","NWREC","3052","on_broadcast",2012-05-16,2013-11-07,13
"334","NWREC","3082","on_broadcast",2012-05-16,2015-09-17,44
"335","NWREC","4042","on_broadcast",2012-05-16,2013-11-07,13
"336","NWREC","4091","on_broadcast",2012-05-16,2014-10-01,14
"337","NWREC","4092","on_broadcast",2012-05-16,2014-10-01,16
"338","NWREC","4102","on_broadcast",2012-05-16,2015-09-17,44
"339","NWREC","1071","on_broadcast",2013-05-01,2013-11-07,9
"340","NWREC","2012","on_broadcast",2013-05-01,2013-11-07,9
"341","NWREC","3051","on_broadcast",2013-05-01,2013-11-07,9
"342","NWREC","4041","on_broadcast",2013-05-01,2013-11-07,9
"343","NWREC","1062","off_fert_band",2013-05-22,2013-09-27,12
"344","NWREC","1062","on_fert_band",2013-05-22,2013-09-27,12
"345","NWREC","1091","on_fert_band",2013-05-22,2015-09-17,33
"346","NWREC","1091","off_fert_band",2013-05-22,2015-09-17,33
"347","NWREC","1092","on_fert_band",2013-05-22,2015-09-17,33
"348","NWREC","1092","off_fert_band",2013-05-22,2015-09-17,33
"349","NWREC","2051","off_fert_band",2013-05-22,2013-09-27,12
"350","NWREC","2051","on_fert_band",2013-05-22,2013-09-27,12
"351","NWREC","2091","on_fert_band",2013-05-22,2015-09-17,33
"352","NWREC","2091","off_fert_band",2013-05-22,2015-09-17,33
"353","NWREC","2092","off_fert_band",2013-05-22,2015-09-17,33
"354","NWREC","2092","on_fert_band",2013-05-22,2015-09-17,33
"355","NWREC","3012","on_fert_band",2013-05-22,2013-09-27,12
"356","NWREC","3012","off_fert_band",2013-05-22,2013-09-27,12
"357","NWREC","3031","off_fert_band",2013-05-22,2015-09-17,31
"358","NWREC","3031","on_fert_band",2013-05-22,2015-09-17,31
"359","NWREC","3032","on_fert_band",2013-05-22,2015-09-17,33
"360","NWREC","3032","off_fert_band",2013-05-22,2015-09-17,33
"361","NWREC","4082","on_fert_band",2013-05-22,2013-09-27,12
"362","NWREC","4082","off_fert_band",2013-05-22,2013-09-27,12
"363","NWREC","4091","on_fert_band",2013-05-22,2015-09-17,32
"364","NWREC","4091","off_fert_band",2013-05-22,2015-09-17,32
"365","NWREC","4092","off_fert_band",2013-05-22,2015-09-17,33
"366","NWREC","4092","on_fert_band",2013-05-22,2015-09-17,33
"367","NWREC","1011","on_broadcast",2013-06-03,2015-09-17,30
"368","NWREC","1012","on_broadcast",2013-06-03,2015-09-17,30
"369","NWREC","1082","on_broadcast",2013-06-03,2015-09-17,41
"370","NWREC","2071","on_broadcast",2013-06-03,2015-09-17,30
"371","NWREC","2072","on_broadcast",2013-06-03,2015-09-17,30
"372","NWREC","2102","on_broadcast",2013-06-03,2015-09-17,41
"373","NWREC","3081","on_broadcast",2013-06-03,2015-09-17,41
"374","NWREC","3101","on_broadcast",2013-06-03,2015-09-17,30
"375","NWREC","3102","on_broadcast",2013-06-03,2015-09-17,30
"376","NWREC","4051","on_broadcast",2013-06-03,2015-09-17,30
"377","NWREC","4052","on_broadcast",2013-06-03,2015-09-17,30
"378","NWREC","4101","on_broadcast",2013-06-03,2015-09-17,41
"379","NWREC","1071","on_fert_band",2014-05-08,2014-10-01,14
"380","NWREC","1071","off_fert_band",2014-05-08,2014-10-01,14
"381","NWREC","3051","off_fert_band",2014-05-08,2014-10-01,13
"382","NWREC","3051","on_fert_band",2014-05-08,2014-10-01,13
"383","NWREC","4041","off_fert_band",2014-05-08,2014-10-01,13
"384","NWREC","4041","on_fert_band",2014-05-08,2014-10-01,13
"385","NWREC","2012","on_fert_band",2014-05-16,2014-10-01,13
"386","NWREC","2012","off_fert_band",2014-05-16,2014-10-01,13
"387","SERF","1C","on_fert_band",2012-03-22,2012-09-24,28
"388","SERF","1C","off_fert_band",2012-03-22,2012-09-24,28
"389","SERF","2C","off_fert_band",2012-03-22,2012-09-24,28
"390","SERF","2C","on_fert_band",2012-03-22,2012-09-24,28
"391","SERF","3C","on_fert_band",2012-03-22,2012-09-24,28
"392","SERF","3C","off_fert_band",2012-03-22,2012-09-24,28
"393","SERF","4C","on_fert_band",2012-03-22,2012-09-24,28
"394","SERF","4C","off_fert_band",2012-03-22,2012-09-24,28
"395","SERF","5C","off_fert_band",2012-03-22,2012-09-24,28
"396","SERF","5C","on_fert_band",2012-03-22,2012-09-24,28
"397","SERF","6C","on_fert_band",2012-03-22,2012-09-24,28
"398","SERF","6C","off_fert_band",2012-03-22,2012-09-24,28
"399","SERF","7C","off_fert_band",2012-03-22,2012-09-24,28
"400","SERF","7C","on_fert_band",2012-03-22,2012-09-24,28
"401","SERF","8C","off_fert_band",2012-03-22,2012-09-24,28
"402","SERF","8C","on_fert_band",2012-03-22,2012-09-24,28
"403","SERF","1C","on_and_off_fert_band",2013-04-25,2014-10-18,72
"404","SERF","2C","on_and_off_fert_band",2013-04-25,2014-10-18,72
"405","SERF","3C","on_and_off_fert_band",2013-04-25,2014-10-18,69
"406","SERF","4C","on_and_off_fert_band",2013-04-25,2014-10-18,72
"407","SERF","5C","on_and_off_fert_band",2013-04-25,2014-10-18,72
"408","SERF","6C","on_and_off_fert_band",2013-04-25,2014-10-18,72
"409","SERF","7C","on_and_off_fert_band",2013-04-25,2014-10-18,72
"410","SERF","8C","on_and_off_fert_band",2013-04-25,2014-10-18,69
"411","WATERMAN","1","on_broadcast",2011-03-10,2015-12-07,38
"412","WATERMAN","10","on_broadcast",2011-03-10,2015-12-07,43
"413","WATERMAN","11","on_broadcast",2011-03-10,2015-12-07,43
"414","WATERMAN","12","on_broadcast",2011-03-10,2015-12-07,45
"415","WATERMAN","2","on_broadcast",2011-03-10,2015-12-07,40
"416","WATERMAN","3","on_broadcast",2011-03-10,2015-12-07,41
"417","WATERMAN","4","on_broadcast",2011-03-10,2015-12-07,41
"418","WATERMAN","5","on_broadcast",2011-03-10,2015-12-07,41
"419","WATERMAN","6","on_broadcast",2011-03-10,2015-12-07,40
"420","WATERMAN","7","on_broadcast",2011-03-10,2015-12-07,45
"421","WATERMAN","8","on_broadcast",2011-03-10,2015-12-07,43
"422","WATERMAN","9","on_broadcast",2011-03-10,2015-12-07,43
"423","WOOSTER.COV","102","on_fert_band",2012-04-05,2015-10-08,32
"424","WOOSTER.COV","102","off_fert_band",2012-04-05,2015-10-08,31
"425","WOOSTER.COV","104","on_fert_band",2012-04-05,2015-10-08,32
"426","WOOSTER.COV","104","off_fert_band",2012-04-05,2015-10-08,31
"427","WOOSTER.COV","105","off_fert_band",2012-04-05,2015-10-08,31
"428","WOOSTER.COV","105","on_fert_band",2012-04-05,2015-10-08,32
"429","WOOSTER.COV","106","on_fert_band",2012-04-05,2015-10-08,32
"430","WOOSTER.COV","106","off_fert_band",2012-04-05,2015-10-08,31
"431","WOOSTER.COV","109","on_fert_band",2012-04-05,2015-10-08,32
"432","WOOSTER.COV","109","off_fert_band",2012-04-05,2015-10-08,31
"433","WOOSTER.COV","110","off_fert_band",2012-04-05,2015-10-08,31
"434","WOOSTER.COV","110","on_fert_band",2012-04-05,2015-10-08,32
"435","WOOSTER.COV","113","off_fert_band",2012-04-05,2015-10-08,31
"436","WOOSTER.COV","113","on_fert_band",2012-04-05,2015-10-08,32
"437","WOOSTER.COV","114","on_fert_band",2012-04-05,2015-10-08,32
"438","WOOSTER.COV","114","off_fert_band",2012-04-05,2015-10-08,31
"439","WOOSTER.COV","116","on_fert_band",2012-04-05,2015-10-08,32
"440","WOOSTER.COV","116","off_fert_band",2012-04-05,2015-10-08,31
"441","WOOSTER.COV","117","off_fert_band",2012-04-05,2015-10-08,31
"442","WOOSTER.COV","117","on_fert_band",2012-04-05,2015-10-08,32
"443","WOOSTER.COV","118","on_fert_band",2012-04-05,2015-10-08,32
"444","WOOSTER.COV","118","off_fert_band",2012-04-05,2015-10-08,31
"445","WOOSTER.COV","119","on_fert_band",2012-04-05,2015-10-08,32
"446","WOOSTER.COV","119","off_fert_band",2012-04-05,2015-10-08,31
"447","WOOSTER.COV","120","off_fert_band",2012-04-05,2015-10-08,31
"448","WOOSTER.COV","120","on_fert_band",2012-04-05,2015-10-08,32
"449","WOOSTER.COV","121","off_fert_band",2012-04-05,2015-10-08,31
"450","WOOSTER.COV","121","on_fert_band",2012-04-05,2015-10-08,32
"451","WOOSTER.COV","124","on_fert_band",2012-04-05,2015-10-08,32
"452","WOOSTER.COV","124","off_fert_band",2012-04-05,2015-10-08,31
"453","WOOSTER.COV","201","off_fert_band",2012-04-05,2015-10-08,31
"454","WOOSTER.COV","201","on_fert_band",2012-04-05,2015-10-08,32
"455","WOOSTER.COV","202","on_fert_band",2012-04-05,2015-10-08,32
"456","WOOSTER.COV","202","off_fert_band",2012-04-05,2015-10-08,31
"457","WOOSTER.COV","204","on_fert_band",2012-04-05,2015-10-08,32
"458","WOOSTER.COV","204","off_fert_band",2012-04-05,2015-10-08,31
"459","WOOSTER.COV","207","off_fert_band",2012-04-05,2015-10-08,31
"460","WOOSTER.COV","207","on_fert_band",2012-04-05,2015-10-08,32
"461","WOOSTER.COV","208","on_fert_band",2012-04-05,2015-10-08,32
"462","WOOSTER.COV","208","off_fert_band",2012-04-05,2015-10-08,31
"463","WOOSTER.COV","209","on_fert_band",2012-04-05,2015-10-08,32
"464","WOOSTER.COV","209","off_fert_band",2012-04-05,2015-10-08,31
"465","WOOSTER.COV","210","on_fert_band",2012-04-05,2015-10-08,32
"466","WOOSTER.COV","210","off_fert_band",2012-04-05,2015-10-08,31
"467","WOOSTER.COV","211","off_fert_band",2012-04-05,2015-10-08,31
"468","WOOSTER.COV","211","on_fert_band",2012-04-05,2015-10-08,32
"469","WOOSTER.COV","212","on_fert_band",2012-04-05,2015-10-08,32
"470","WOOSTER.COV","212","off_fert_band",2012-04-05,2015-10-08,31
"471","WOOSTER.COV","216","on_fert_band",2012-04-05,2015-10-08,32
"472","WOOSTER.COV","216","off_fert_band",2012-04-05,2015-10-08,31
"473","WOOSTER.COV","217","off_fert_band",2012-04-05,2015-10-08,31
"474","WOOSTER.COV","217","on_fert_band",2012-04-05,2015-10-08,32
"475","WOOSTER.COV","220","on_fert_band",2012-04-05,2015-10-08,32
"476","WOOSTER.COV","220","off_fert_band",2012-04-05,2015-10-08,31
"477","WOOSTER.COV","221","on_fert_band",2012-04-05,2015-10-08,32
"478","WOOSTER.COV","221","off_fert_band",2012-04-05,2015-10-08,31
"479","WOOSTER.COV","222","on_fert_band",2012-04-05,2015-10-08,32
"480","WOOSTER.COV","222","off_fert_band",2012-04-05,2015-10-08,31
"481","WOOSTER.COV","224","off_fert_band",2012-04-05,2015-10-08,31
"482","WOOSTER.COV","224","on_fert_band",2012-04-05,2015-10-08,32
"483","WOOSTER.COV","302","off_fert_band",2012-04-05,2015-10-08,31
"484","WOOSTER.COV","302","on_fert_band",2012-04-05,2015-10-08,32
"485","WOOSTER.COV","303","on_fert_band",2012-04-05,2015-10-08,32
"486","WOOSTER.COV","303","off_fert_band",2012-04-05,2015-10-08,31
"487","WOOSTER.COV","304","on_fert_band",2012-04-05,2015-10-08,32
"488","WOOSTER.COV","304","off_fert_band",2012-04-05,2015-10-08,31
"489","WOOSTER.COV","305","on_fert_band",2012-04-05,2015-10-08,32
"490","WOOSTER.COV","305","off_fert_band",2012-04-05,2015-10-08,31
"491","WOOSTER.COV","307","on_fert_band",2012-04-05,2015-10-08,32
"492","WOOSTER.COV","307","off_fert_band",2012-04-05,2015-10-08,31
"493","WOOSTER.COV","308","on_fert_band",2012-04-05,2015-10-08,32
"494","WOOSTER.COV","308","off_fert_band",2012-04-05,2015-10-08,31
"495","WOOSTER.COV","313","on_fert_band",2012-04-05,2015-10-08,32
"496","WOOSTER.COV","313","off_fert_band",2012-04-05,2015-10-08,31
"497","WOOSTER.COV","314","on_fert_band",2012-04-05,2015-10-08,32
"498","WOOSTER.COV","314","off_fert_band",2012-04-05,2015-10-08,31
"499","WOOSTER.COV","316","off_fert_band",2012-04-05,2015-10-08,31
"500","WOOSTER.COV","316","on_fert_band",2012-04-05,2015-10-08,32
"501","WOOSTER.COV","317","off_fert_band",2012-04-05,2015-10-08,31
"502","WOOSTER.COV","317","on_fert_band",2012-04-05,2015-10-08,32
"503","WOOSTER.COV","319","off_fert_band",2012-04-05,2015-10-08,31
"504","WOOSTER.COV","319","on_fert_band",2012-04-05,2015-10-08,32
"505","WOOSTER.COV","321","off_fert_band",2012-04-05,2015-10-08,31
"506","WOOSTER.COV","321","on_fert_band",2012-04-05,2015-10-08,32
"507","WOOSTER.COV","322","off_fert_band",2012-04-05,2015-10-08,31
"508","WOOSTER.COV","322","on_fert_band",2012-04-05,2015-10-08,32
"509","WOOSTER.COV","323","off_fert_band",2012-04-05,2015-10-08,31
"510","WOOSTER.COV","323","on_fert_band",2012-04-05,2015-10-08,32
"511","WOOSTER.COV","324","off_fert_band",2012-04-05,2015-10-08,31
"512","WOOSTER.COV","324","on_fert_band",2012-04-05,2015-10-08,32
"513","WOOSTER.LTR","11","on_fert_band",2011-07-12,2013-09-26,18
"514","WOOSTER.LTR","11","off_fert_band",2011-07-12,2012-07-11,13
"515","WOOSTER.LTR","16","on_fert_band",2011-07-12,2013-09-26,14
"516","WOOSTER.LTR","16","off_fert_band",2011-07-12,2011-10-13,9
"517","WOOSTER.LTR","18","on_fert_band",2011-07-12,2013-09-26,18
"518","WOOSTER.LTR","18","off_fert_band",2011-07-12,2012-07-11,13
"519","WOOSTER.LTR","19","off_fert_band",2011-07-12,2011-10-13,9
"520","WOOSTER.LTR","19","on_fert_band",2011-07-12,2013-09-26,14
"521","WOOSTER.LTR","22","on_fert_band",2011-07-12,2013-09-26,14
"522","WOOSTER.LTR","22","off_fert_band",2011-07-12,2011-10-13,9
"523","WOOSTER.LTR","24","off_fert_band",2011-07-12,2012-07-11,13
"524","WOOSTER.LTR","24","on_fert_band",2011-07-12,2013-09-26,18
"525","WOOSTER.LTR","29","on_fert_band",2011-07-12,2013-09-26,18
"526","WOOSTER.LTR","29","off_fert_band",2011-07-12,2012-07-11,13
"527","WOOSTER.LTR","38","on_fert_band",2011-07-12,2013-09-26,18
"528","WOOSTER.LTR","38","off_fert_band",2011-07-12,2012-07-11,13
"529","WOOSTER.LTR","48","off_fert_band",2011-07-12,2011-10-13,9
"530","WOOSTER.LTR","48","on_fert_band",2011-07-12,2013-09-26,14
"531","WOOSTER.LTR","49","on_fert_band",2011-07-12,2013-09-26,18
"532","WOOSTER.LTR","49","off_fert_band",2011-07-12,2012-07-11,13
"533","WOOSTER.LTR","51","on_fert_band",2011-07-12,2013-09-26,14
"534","WOOSTER.LTR","51","off_fert_band",2011-07-12,2011-10-13,9
"535","WOOSTER.LTR","7","off_fert_band",2011-07-12,2011-10-13,9
"536","WOOSTER.LTR","7","on_fert_band",2011-07-12,2013-09-26,14
"537","WOOSTER.LTR","20","on_fert_band",2012-05-25,2012-07-11,4
"538","WOOSTER.LTR","20","off_fert_band",2012-05-25,2012-07-11,4
"539","WOOSTER.LTR","21","on_fert_band",2012-05-25,2012-07-11,4
"540","WOOSTER.LTR","21","off_fert_band",2012-05-25,2012-07-11,4
"541","WOOSTER.LTR","46","on_fert_band",2012-05-25,2012-07-11,4
"542","WOOSTER.LTR","46","off_fert_band",2012-05-25,2012-07-11,4
"543","WOOSTER.LTR","53","off_fert_band",2012-05-25,2012-07-11,4
"544","WOOSTER.LTR","53","on_fert_band",2012-05-25,2012-07-11,4
"545","WOOSTER.LTR","9","on_fert_band",2012-05-25,2012-07-11,4
"546","WOOSTER.LTR","9","off_fert_band",2012-05-25,2012-07-11,4
