SiteID,Exp Unit ID,Treatment ID,Crop,Chamber Placement,Start Date,End Date,Number of Observations
INWLACRE,INWLACRE_NP_A73,INWLACRE_NP,Zea mays (Corn),Between rows,2004-04-05,2005-03-07,30
INWLACRE,INWLACRE_MT_SA44,INWLACRE_MT,Sorghum vulgare sudanense (Sudangrass),Between rows,2004-04-05,2004-12-16,27
INWLACRE,INWLACRE_MT_SA21,INWLACRE_MT,Sorghum vulgare sudanense (Sudangrass),Across rows,2005-04-06,2007-12-13,74
INWLACRE,INWLACRE_CD_A82,INWLACRE_CD,Glycine max (Soybean),Across rows,2005-04-20,2011-09-01,93
INWLACRE,INWLACRE_NM_A31,INWLACRE_NM,Zea mays (Corn),Across rows,2005-04-20,2008-04-02,65
INWLACRE,INWLACRE_MT_SA13,INWLACRE_MT,Sorghum vulgare sudanense (Sudangrass),Between rows,2004-04-05,2004-12-16,28
INWLACRE,INWLACRE_NC_A14,INWLACRE_NC,Glycine max (Soybean),Between rows,2004-04-05,2004-12-16,28
INWLACRE,INWLACRE_Bare_AB3,INWLACRE_Bare,NA,Across rows,2005-05-16,2011-09-01,139
INWLACRE,INWLACRE_MR_SA41,INWLACRE_MR,Sorghum vulgare sudanense (Sudangrass),Between rows,2004-04-05,2004-12-16,27
INWLACRE,INWLACRE_CD_A71,INWLACRE_CD,Zea mays (Corn),Across rows,2005-04-06,2010-09-15,96
INWLACRE,INWLACRE_NP_A35,INWLACRE_NP,Glycine max (Soybean),Across rows,2005-03-17,2010-09-15,68
INWLACRE,INWLACRE_NC_A41,INWLACRE_NC,Zea mays (Corn),Across rows,2005-04-20,2011-09-01,111
INWLACRE,INWLACRE_IT_A83,INWLACRE_IT,Zea mays (Corn),Across rows,2008-04-16,2010-09-15,61
INWLACRE,INWLACRE_NC_A84,INWLACRE_NC,Zea mays (Corn),Across rows,2005-04-06,2010-09-15,96
INWLACRE,INWLACRE_NP_A81,INWLACRE_NP,Zea mays (Corn),Between rows,2004-04-05,2005-03-07,30
INWLACRE,INWLACRE_NR_A51,INWLACRE_NR,Zea mays (Corn),Across rows,2008-04-16,2010-09-15,61
INWLACRE,INWLACRE_MR_SA12,INWLACRE_MR,Sorghum vulgare sudanense (Sudangrass),Between rows,2004-04-05,2004-12-16,28
INWLACRE,INWLACRE_NC_A34,INWLACRE_NC,Glycine max (Soybean),Across rows,2005-03-30,2010-09-15,66
INWLACRE,INWLACRE_CD_A52,INWLACRE_CD,Zea mays (Corn),Across rows,2005-04-06,2010-09-15,96
INWLACRE,INWLACRE_CD_A32,INWLACRE_CD,Zea mays (Corn),Across rows,2005-04-20,2011-09-01,133
INWLACRE,INWLACRE_NM_A83,INWLACRE_NM,Zea mays (Corn),Across rows,2005-04-06,2007-04-10,35
INWLACRE,INWLACRE_NC_A34,INWLACRE_NC,Zea mays (Corn),Across rows,2005-04-20,2011-09-01,111
INWLACRE,INWLACRE_ML_SA43,INWLACRE_ML,Sorghum vulgare sudanense (Sudangrass),Between rows,2004-04-05,2004-12-16,27
INWLACRE,INWLACRE_NP_A43,INWLACRE_NP,Glycine max (Soybean),Between rows,2004-04-05,2005-03-07,30
INWLACRE,INWLACRE_NS_A42,INWLACRE_NS,Glycine max (Soybean),Between rows,2004-04-05,2005-03-07,29
INWLACRE,INWLACRE_IT_A54,INWLACRE_IT,Zea mays (Corn),Across rows,2008-04-16,2010-09-15,61
INWLACRE,INWLACRE_NP_A43,INWLACRE_NP,Zea mays (Corn),Across rows,2005-04-20,2011-09-01,131
INWLACRE,INWLACRE_NS_A33,INWLACRE_NS,Zea mays (Corn),Across rows,2005-04-20,2008-04-02,66
INWLACRE,INWLACRE_NC_A53,INWLACRE_NC,Zea mays (Corn),Across rows,2005-04-06,2010-09-15,96
INWLACRE,INWLACRE_NM_A74,INWLACRE_NM,Zea mays (Corn),Between rows,2004-04-05,2004-12-16,28
INWLACRE,INWLACRE_MR_SA23,INWLACRE_MR,Sorghum vulgare sudanense (Sudangrass),Between rows,2004-04-05,2004-12-16,28
INWLACRE,INWLACRE_IT_A65,INWLACRE_IT,Zea mays (Corn),Across rows,2008-04-16,2010-09-15,61
INWLACRE,INWLACRE_NP_A81,INWLACRE_NP,Zea mays (Corn),Across rows,2005-03-17,2010-09-15,99
INWLACRE,INWLACRE_NM_A31,INWLACRE_NM,Glycine max (Soybean),Across rows,2005-04-06,2007-04-10,26
INWLACRE,INWLACRE_NM_A44,INWLACRE_NM,Zea mays (Corn),Across rows,2005-04-20,2008-04-02,65
INWLACRE,INWLACRE_IT_A74,INWLACRE_IT,Zea mays (Corn),Across rows,2008-04-16,2010-09-15,61
INWLACRE,INWLACRE_NP_A61,INWLACRE_NP,Zea mays (Corn),Between rows,2004-04-05,2005-03-07,30
INWLACRE,INWLACRE_NS_A64,INWLACRE_NS,Zea mays (Corn),Between rows,2004-04-05,2005-03-07,30
INWLACRE,INWLACRE_NP_A61,INWLACRE_NP,Glycine max (Soybean),Across rows,2005-04-20,2011-09-01,94
INWLACRE,INWLACRE_NR_A72,INWLACRE_NR,Zea mays (Corn),Across rows,2008-04-16,2010-09-15,61
INWLACRE,INWLACRE_NS_A11,INWLACRE_NS,Zea mays (Corn),Across rows,2005-04-20,2008-04-02,67
INWLACRE,INWLACRE_NP_A55,INWLACRE_NP,Zea mays (Corn),Between rows,2004-04-05,2005-03-07,30
INWLACRE,INWLACRE_NC_A75,INWLACRE_NC,Zea mays (Corn),Between rows,2004-04-05,2004-12-16,28
INWLACRE,INWLACRE_NP_A55,INWLACRE_NP,Zea mays (Corn),Across rows,2005-03-17,2010-09-15,99
INWLACRE,INWLACRE_MT_SA22,INWLACRE_MT,Sorghum vulgare sudanense (Sudangrass),Between rows,2004-04-05,2004-12-16,28
INWLACRE,INWLACRE_NM_A83,INWLACRE_NM,Zea mays (Corn),Between rows,2004-04-05,2004-12-16,28
INWLACRE,INWLACRE_NC_A14,INWLACRE_NC,Zea mays (Corn),Across rows,2005-04-20,2011-09-01,111
INWLACRE,INWLACRE_NP_A22,INWLACRE_NP,Glycine max (Soybean),Between rows,2004-04-05,2005-03-07,30
INWLACRE,INWLACRE_MT_SA44,INWLACRE_MT,Sorghum vulgare sudanense (Sudangrass),Across rows,2005-04-06,2007-12-13,75
INWLACRE,INWLACRE_CD_A63,INWLACRE_CD,Glycine max (Soybean),Across rows,2005-04-20,2011-09-01,94
INWLACRE,INWLACRE_MT_SA21,INWLACRE_MT,Sorghum vulgare sudanense (Sudangrass),Between rows,2004-04-05,2004-12-16,28
INWLACRE,INWLACRE_NC_A25,INWLACRE_NC,Zea mays (Corn),Across rows,2005-04-20,2011-09-01,111
INWLACRE,INWLACRE_CD_A45,INWLACRE_CD,Zea mays (Corn),Across rows,2005-04-20,2011-09-01,132
INWLACRE,INWLACRE_NC_A25,INWLACRE_NC,Glycine max (Soybean),Between rows,2004-04-05,2004-12-16,28
INWLACRE,INWLACRE_NM_A54,INWLACRE_NM,Zea mays (Corn),Between rows,2004-04-05,2004-12-16,28
INWLACRE,INWLACRE_CD_A82,INWLACRE_CD,Zea mays (Corn),Across rows,2005-04-06,2010-09-15,96
INWLACRE,INWLACRE_NG_SA34,INWLACRE_NG,Restored Prairie,Between rows,2004-04-05,2004-12-16,28
INWLACRE,INWLACRE_NG_SA33,INWLACRE_NG,Restored Prairie,Between rows,2004-04-05,2004-12-16,28
INWLACRE,INWLACRE_CD_A21,INWLACRE_CD,Glycine max (Soybean),Between rows,2004-04-05,2004-12-16,28
INWLACRE,INWLACRE_MR_SA12,INWLACRE_MR,Sorghum vulgare sudanense (Sudangrass),Across rows,2005-04-06,2007-12-13,73
INWLACRE,INWLACRE_NS_A33,INWLACRE_NS,Glycine max (Soybean),Across rows,2005-03-17,2007-04-10,29
INWLACRE,INWLACRE_NP_A35,INWLACRE_NP,Zea mays (Corn),Across rows,2005-04-20,2011-09-01,133
INWLACRE,INWLACRE_NM_A15,INWLACRE_NM,Zea mays (Corn),Across rows,2005-04-20,2008-04-02,65
INWLACRE,INWLACRE_NC_A25,INWLACRE_NC,Glycine max (Soybean),Across rows,2005-04-06,2010-09-15,65
INWLACRE,INWLACRE_NP_A22,INWLACRE_NP,Glycine max (Soybean),Across rows,2005-03-17,2010-09-15,68
INWLACRE,INWLACRE_ML_SA32,INWLACRE_ML,Sorghum vulgare sudanense (Sudangrass),Between rows,2004-04-05,2004-12-16,28
INWLACRE,INWLACRE_NG_SA42,INWLACRE_NG,Restored Prairie,Across rows,2005-04-06,2007-12-13,75
INWLACRE,INWLACRE_NM_A23,INWLACRE_NM,Zea mays (Corn),Across rows,2005-04-20,2008-04-02,65
INWLACRE,INWLACRE_MR_SA41,INWLACRE_MR,Sorghum vulgare sudanense (Sudangrass),Across rows,2005-04-06,2007-12-13,74
INWLACRE,INWLACRE_NS_A85,INWLACRE_NS,Glycine max (Soybean),Across rows,2005-04-20,2008-04-02,49
INWLACRE,INWLACRE_ML_SA14,INWLACRE_ML,Sorghum vulgare sudanense (Sudangrass),Across rows,2005-04-06,2007-12-13,75
INWLACRE,INWLACRE_NM_A15,INWLACRE_NM,Glycine max (Soybean),Across rows,2005-04-06,2007-04-10,26
INWLACRE,INWLACRE_CD_A71,INWLACRE_CD,Glycine max (Soybean),Across rows,2005-04-20,2011-09-01,94
INWLACRE,INWLACRE_NR_A42,INWLACRE_NR,Zea mays (Corn),Across rows,2009-04-16,2011-09-01,44
INWLACRE,INWLACRE_CD_A63,INWLACRE_CD,Zea mays (Corn),Across rows,2005-04-06,2010-09-15,96
INWLACRE,INWLACRE_NS_A11,INWLACRE_NS,Glycine max (Soybean),Between rows,2004-04-05,2005-03-07,30
INWLACRE,INWLACRE_ML_SA31,INWLACRE_ML,Sorghum vulgare sudanense (Sudangrass),Between rows,2004-04-05,2004-12-16,28
INWLACRE,INWLACRE_Bare_AB1,INWLACRE_Bare,NA,Across rows,2005-05-16,2011-09-01,139
INWLACRE,INWLACRE_NG_SA34,INWLACRE_NG,Restored Prairie,Across rows,2005-04-06,2007-12-13,75
INWLACRE,INWLACRE_NS_A85,INWLACRE_NS,Zea mays (Corn),Across rows,2005-03-17,2007-04-10,38
INWLACRE,INWLACRE_NP_A12,INWLACRE_NP,Glycine max (Soybean),Across rows,2005-03-17,2010-09-15,68
INWLACRE,INWLACRE_NC_A14,INWLACRE_NC,Glycine max (Soybean),Across rows,2005-04-06,2010-09-15,65
INWLACRE,INWLACRE_MT_SA22,INWLACRE_MT,Sorghum vulgare sudanense (Sudangrass),Across rows,2005-04-06,2007-12-13,73
INWLACRE,INWLACRE_NP_A81,INWLACRE_NP,Glycine max (Soybean),Across rows,2005-04-20,2011-09-01,93
INWLACRE,INWLACRE_NS_A24,INWLACRE_NS,Zea mays (Corn),Across rows,2005-04-20,2008-04-02,67
INWLACRE,INWLACRE_NM_A65,INWLACRE_NM,Glycine max (Soybean),Across rows,2005-04-20,2008-04-02,48
INWLACRE,INWLACRE_NS_A51,INWLACRE_NS,Glycine max (Soybean),Across rows,2005-04-20,2008-04-02,50
INWLACRE,INWLACRE_Bare_AB2,INWLACRE_Bare,NA,Across rows,2005-05-16,2011-09-01,137
INWLACRE,INWLACRE_MR_SA24,INWLACRE_MR,Sorghum vulgare sudanense (Sudangrass),Across rows,2005-04-06,2007-12-13,74
INWLACRE,INWLACRE_NP_A55,INWLACRE_NP,Glycine max (Soybean),Across rows,2005-04-20,2011-09-01,94
INWLACRE,INWLACRE_CD_A21,INWLACRE_CD,Glycine max (Soybean),Across rows,2005-04-06,2010-09-15,65
INWLACRE,INWLACRE_CD_A21,INWLACRE_CD,Zea mays (Corn),Across rows,2005-04-20,2011-09-01,132
INWLACRE,INWLACRE_CD_A13,INWLACRE_CD,Zea mays (Corn),Across rows,2005-04-20,2011-09-01,133
INWLACRE,INWLACRE_NP_A61,INWLACRE_NP,Zea mays (Corn),Across rows,2005-03-17,2010-09-15,99
INWLACRE,INWLACRE_NM_A65,INWLACRE_NM,Zea mays (Corn),Across rows,2005-04-06,2007-04-10,35
INWLACRE,INWLACRE_NS_A72,INWLACRE_NS,Zea mays (Corn),Across rows,2005-03-17,2007-04-10,38
INWLACRE,INWLACRE_CD_A45,INWLACRE_CD,Glycine max (Soybean),Across rows,2005-04-06,2010-09-15,65
INWLACRE,INWLACRE_NM_A23,INWLACRE_NM,Glycine max (Soybean),Across rows,2005-04-06,2007-04-10,26
INWLACRE,INWLACRE_MT_SA13,INWLACRE_MT,Sorghum vulgare sudanense (Sudangrass),Across rows,2005-04-06,2007-12-13,74
INWLACRE,INWLACRE_NS_A72,INWLACRE_NS,Glycine max (Soybean),Across rows,2005-04-20,2008-04-02,50
INWLACRE,INWLACRE_NC_A75,INWLACRE_NC,Glycine max (Soybean),Across rows,2005-04-20,2011-09-01,80
INWLACRE,INWLACRE_NP_A73,INWLACRE_NP,Glycine max (Soybean),Across rows,2005-04-20,2011-09-01,94
INWLACRE,INWLACRE_NM_A83,INWLACRE_NM,Glycine max (Soybean),Across rows,2005-04-20,2008-04-02,47
INWLACRE,INWLACRE_ML_SA31,INWLACRE_ML,Sorghum vulgare sudanense (Sudangrass),Across rows,2005-04-06,2007-12-13,75
INWLACRE,INWLACRE_NP_A12,INWLACRE_NP,Zea mays (Corn),Across rows,2005-04-20,2011-09-01,133
INWLACRE,INWLACRE_NC_A34,INWLACRE_NC,Glycine max (Soybean),Between rows,2004-04-05,2004-12-16,28
INWLACRE,INWLACRE_NR_A33,INWLACRE_NR,Glycine max (Soybean),Across rows,2008-04-16,2010-09-15,39
INWLACRE,INWLACRE_NS_A24,INWLACRE_NS,Glycine max (Soybean),Between rows,2004-04-05,2005-03-07,30
INWLACRE,INWLACRE_NS_A24,INWLACRE_NS,Glycine max (Soybean),Across rows,2005-03-17,2007-04-10,29
INWLACRE,INWLACRE_NM_A44,INWLACRE_NM,Glycine max (Soybean),Across rows,2005-04-06,2007-04-10,26
INWLACRE,INWLACRE_CD_A32,INWLACRE_CD,Glycine max (Soybean),Across rows,2005-04-06,2010-09-15,65
INWLACRE,INWLACRE_NP_A22,INWLACRE_NP,Zea mays (Corn),Across rows,2005-04-20,2011-09-01,133
INWLACRE,INWLACRE_NM_A74,INWLACRE_NM,Glycine max (Soybean),Across rows,2005-04-20,2008-04-02,48
INWLACRE,INWLACRE_NR_A85,INWLACRE_NR,Glycine max (Soybean),Across rows,2009-04-16,2011-09-01,30
INWLACRE,INWLACRE_NS_A42,INWLACRE_NS,Zea mays (Corn),Across rows,2005-04-20,2008-04-02,67
INWLACRE,INWLACRE_NC_A41,INWLACRE_NC,Glycine max (Soybean),Between rows,2004-04-05,2004-12-16,28
INWLACRE,INWLACRE_NG_SA42,INWLACRE_NG,Restored Prairie,Between rows,2004-04-05,2004-12-16,27
INWLACRE,INWLACRE_CD_A32,INWLACRE_CD,Glycine max (Soybean),Between rows,2004-04-05,2004-12-16,28
INWLACRE,INWLACRE_NC_A41,INWLACRE_NC,Glycine max (Soybean),Across rows,2005-03-30,2010-09-15,66
INWLACRE,INWLACRE_MR_SA23,INWLACRE_MR,Sorghum vulgare sudanense (Sudangrass),Across rows,2005-04-06,2007-12-13,74
INWLACRE,INWLACRE_CD_A52,INWLACRE_CD,Glycine max (Soybean),Across rows,2005-04-20,2011-09-01,94
INWLACRE,INWLACRE_NM_A54,INWLACRE_NM,Zea mays (Corn),Across rows,2005-04-06,2007-04-10,35
INWLACRE,INWLACRE_CD_A13,INWLACRE_CD,Glycine max (Soybean),Across rows,2005-04-06,2010-09-15,65
INWLACRE,INWLACRE_CD_A13,INWLACRE_CD,Glycine max (Soybean),Between rows,2004-04-05,2004-12-16,28
INWLACRE,INWLACRE_NP_A43,INWLACRE_NP,Glycine max (Soybean),Across rows,2005-03-17,2010-09-15,67
INWLACRE,INWLACRE_NC_A62,INWLACRE_NC,Glycine max (Soybean),Across rows,2005-04-20,2011-09-01,80
INWLACRE,INWLACRE_NM_A44,INWLACRE_NM,Glycine max (Soybean),Between rows,2004-04-05,2004-12-16,28
INWLACRE,INWLACRE_NM_A15,INWLACRE_NM,Glycine max (Soybean),Between rows,2004-04-05,2004-12-16,28
INWLACRE,INWLACRE_CD_A82,INWLACRE_CD,Zea mays (Corn),Between rows,2004-04-05,2004-12-16,28
INWLACRE,INWLACRE_NG_SA11,INWLACRE_NG,Restored Prairie,Across rows,2005-04-06,2007-12-13,74
INWLACRE,INWLACRE_NS_A51,INWLACRE_NS,Zea mays (Corn),Between rows,2004-04-05,2005-03-07,30
INWLACRE,INWLACRE_CD_A63,INWLACRE_CD,Zea mays (Corn),Between rows,2004-04-05,2004-12-16,28
INWLACRE,INWLACRE_NP_A12,INWLACRE_NP,Glycine max (Soybean),Between rows,2004-04-05,2005-03-07,30
INWLACRE,INWLACRE_IT_A31,INWLACRE_IT,Zea mays (Corn),Across rows,2009-04-16,2011-09-01,44
INWLACRE,INWLACRE_ML_SA43,INWLACRE_ML,Sorghum vulgare sudanense (Sudangrass),Across rows,2005-04-06,2007-12-13,75
INWLACRE,INWLACRE_CD_A71,INWLACRE_CD,Zea mays (Corn),Between rows,2004-04-05,2004-12-16,28
INWLACRE,INWLACRE_NM_A31,INWLACRE_NM,Glycine max (Soybean),Between rows,2004-04-05,2004-12-16,28
INWLACRE,INWLACRE_NM_A54,INWLACRE_NM,Glycine max (Soybean),Across rows,2005-04-20,2008-04-02,48
INWLACRE,INWLACRE_NS_A85,INWLACRE_NS,Zea mays (Corn),Between rows,2004-04-05,2005-03-07,30
INWLACRE,INWLACRE_NP_A73,INWLACRE_NP,Zea mays (Corn),Across rows,2005-03-17,2010-09-15,99
INWLACRE,INWLACRE_NS_A72,INWLACRE_NS,Zea mays (Corn),Between rows,2004-04-05,2005-03-07,30
INWLACRE,INWLACRE_NC_A75,INWLACRE_NC,Zea mays (Corn),Across rows,2005-04-06,2010-09-15,96
INWLACRE,INWLACRE_NC_A62,INWLACRE_NC,Zea mays (Corn),Between rows,2004-04-05,2004-12-16,28
INWLACRE,INWLACRE_CD_A45,INWLACRE_CD,Glycine max (Soybean),Between rows,2004-04-05,2004-12-16,28
INWLACRE,INWLACRE_NC_A84,INWLACRE_NC,Glycine max (Soybean),Across rows,2005-04-20,2011-09-01,79
INWLACRE,INWLACRE_IT_A23,INWLACRE_IT,Glycine max (Soybean),Across rows,2008-04-16,2010-09-15,39
INWLACRE,INWLACRE_ML_SA14,INWLACRE_ML,Sorghum vulgare sudanense (Sudangrass),Between rows,2004-04-05,2004-12-16,28
INWLACRE,INWLACRE_Bare_AB4,INWLACRE_Bare,NA,Across rows,2005-05-16,2011-09-01,137
INWLACRE,INWLACRE_NS_A11,INWLACRE_NS,Glycine max (Soybean),Across rows,2005-03-17,2007-04-10,29
INWLACRE,INWLACRE_NS_A33,INWLACRE_NS,Glycine max (Soybean),Between rows,2004-04-05,2005-03-07,30
INWLACRE,INWLACRE_NS_A42,INWLACRE_NS,Glycine max (Soybean),Across rows,2005-03-17,2007-04-10,29
INWLACRE,INWLACRE_NS_A64,INWLACRE_NS,Glycine max (Soybean),Across rows,2005-04-20,2008-04-02,50
INWLACRE,INWLACRE_NP_A35,INWLACRE_NP,Glycine max (Soybean),Between rows,2004-04-05,2005-03-07,30
INWLACRE,INWLACRE_NM_A65,INWLACRE_NM,Zea mays (Corn),Between rows,2004-04-05,2004-12-16,28
INWLACRE,INWLACRE_NC_A84,INWLACRE_NC,Zea mays (Corn),Between rows,2004-04-05,2004-12-16,28
INWLACRE,INWLACRE_ML_SA32,INWLACRE_ML,Sorghum vulgare sudanense (Sudangrass),Across rows,2005-04-06,2007-12-13,75
INWLACRE,INWLACRE_NR_A24,INWLACRE_NR,Glycine max (Soybean),Across rows,2008-04-16,2010-09-15,39
INWLACRE,INWLACRE_NM_A23,INWLACRE_NM,Glycine max (Soybean),Between rows,2004-04-05,2004-12-16,28
INWLACRE,INWLACRE_NC_A53,INWLACRE_NC,Glycine max (Soybean),Across rows,2005-04-20,2011-09-01,80
INWLACRE,INWLACRE_IT_A15,INWLACRE_IT,Zea mays (Corn),Across rows,2009-04-16,2011-09-01,44
INWLACRE,INWLACRE_NR_A64,INWLACRE_NR,Glycine max (Soybean),Across rows,2009-04-16,2011-09-01,30
INWLACRE,INWLACRE_NS_A64,INWLACRE_NS,Zea mays (Corn),Across rows,2005-03-17,2007-04-10,38
INWLACRE,INWLACRE_NC_A53,INWLACRE_NC,Zea mays (Corn),Between rows,2004-04-05,2004-12-16,28
INWLACRE,INWLACRE_IT_A54,INWLACRE_IT,Glycine max (Soybean),Across rows,2009-04-16,2011-09-01,30
INWLACRE,INWLACRE_NG_SA11,INWLACRE_NG,Restored Prairie,Between rows,2004-04-05,2004-12-16,28
INWLACRE,INWLACRE_NG_SA33,INWLACRE_NG,Restored Prairie,Across rows,2005-04-06,2007-12-13,75
INWLACRE,INWLACRE_Bare_AB3,INWLACRE_Bare,None,Across rows,2010-05-06,2011-09-01,33
INWLACRE,INWLACRE_MR_SA24,INWLACRE_MR,Sorghum vulgare sudanense (Sudangrass),Between rows,2004-04-05,2004-12-16,28
INWLACRE,INWLACRE_NC_A62,INWLACRE_NC,Zea mays (Corn),Across rows,2005-04-06,2010-09-15,96
INWLACRE,INWLACRE_CD_A52,INWLACRE_CD,Zea mays (Corn),Between rows,2004-04-05,2004-12-16,28
INWLACRE,INWLACRE_IT_A44,INWLACRE_IT,Zea mays (Corn),Across rows,2009-04-16,2011-09-01,44
INWLACRE,INWLACRE_IT_A83,INWLACRE_IT,Glycine max (Soybean),Across rows,2009-04-16,2011-09-01,30
INWLACRE,INWLACRE_NS_A51,INWLACRE_NS,Zea mays (Corn),Across rows,2005-03-17,2007-04-10,38
INWLACRE,INWLACRE_Bare_AB1,INWLACRE_Bare,None,Across rows,2010-05-06,2011-09-01,33
INWLACRE,INWLACRE_NR_A72,INWLACRE_NR,Glycine max (Soybean),Across rows,2009-04-16,2011-09-01,30
INWLACRE,INWLACRE_NR_A51,INWLACRE_NR,Glycine max (Soybean),Across rows,2009-04-16,2011-09-01,30
INWLACRE,INWLACRE_IT_A15,INWLACRE_IT,Glycine max (Soybean),Across rows,2008-04-16,2010-09-15,39
INWLACRE,INWLACRE_Bare_AB4,INWLACRE_Bare,None,Across rows,2010-05-06,2011-09-01,32
INWLACRE,INWLACRE_NR_A24,INWLACRE_NR,Zea mays (Corn),Across rows,2009-04-16,2011-09-01,43
INWLACRE,INWLACRE_NM_A74,INWLACRE_NM,Zea mays (Corn),Across rows,2005-04-06,2007-04-10,35
INWLACRE,INWLACRE_NR_A85,INWLACRE_NR,Zea mays (Corn),Across rows,2008-04-16,2010-09-15,61
INWLACRE,INWLACRE_NR_A11,INWLACRE_NR,Zea mays (Corn),Across rows,2009-04-16,2011-09-01,44
INWLACRE,INWLACRE_IT_A74,INWLACRE_IT,Glycine max (Soybean),Across rows,2009-04-16,2011-09-01,30
INWLACRE,INWLACRE_NR_A11,INWLACRE_NR,Glycine max (Soybean),Across rows,2008-04-16,2010-09-15,39
INWLACRE,INWLACRE_NR_A42,INWLACRE_NR,Glycine max (Soybean),Across rows,2008-04-16,2010-09-15,39
INWLACRE,INWLACRE_IT_A31,INWLACRE_IT,Glycine max (Soybean),Across rows,2008-04-16,2010-09-15,39
INWLACRE,INWLACRE_NR_A33,INWLACRE_NR,Zea mays (Corn),Across rows,2009-04-16,2011-09-01,44
INWLACRE,INWLACRE_Bare_AB2,INWLACRE_Bare,None,Across rows,2010-05-06,2011-09-01,33
INWLACRE,INWLACRE_IT_A65,INWLACRE_IT,Glycine max (Soybean),Across rows,2009-04-16,2011-09-01,30
INWLACRE,INWLACRE_IT_A23,INWLACRE_IT,Zea mays (Corn),Across rows,2009-04-16,2011-09-01,44
INWLACRE,INWLACRE_NR_A64,INWLACRE_NR,Zea mays (Corn),Across rows,2008-04-16,2010-09-15,61
INWLACRE,INWLACRE_IT_A44,INWLACRE_IT,Glycine max (Soybean),Across rows,2008-04-16,2010-09-15,39
MNMOFS,MNMOFS_1,MNMOFS_41,Triticum aestivum (Wheat),Between rows,2004-04-07,2008-07-23,16
MNMOFS,MNMOFS_1,MNMOFS_41,Triticum aestivum (Wheat),Across rows,2004-04-07,2008-07-23,16
MNMOFS,MNMOFS_34,MNMOFS_29,Medicago sativa (Alfalfa),Across rows,2004-08-10,2006-04-27,51
MNMOFS,MNMOFS_96,MNMOFS_41,Medicago sativa (Alfalfa),Across rows,2004-08-10,2008-11-17,56
MNMOFS,MNMOFS_34,MNMOFS_29,Medicago sativa (Alfalfa),Between rows,2004-08-10,2006-04-27,50
MNMOFS,MNMOFS_64,MNMOFS_29,Medicago sativa (Alfalfa),Across rows,2004-08-10,2006-04-27,48
MNMOFS,MNMOFS_101,MNMOFS_41,Medicago sativa (Alfalfa),Between rows,2004-08-10,2008-11-17,57
MNMOFS,MNMOFS_156,MNMOFS_46,Zea mays (Corn),Between rows,2008-05-14,2008-11-17,15
MNMOFS,MNMOFS_156,MNMOFS_46,Zea mays (Corn),Across rows,2008-05-14,2008-11-17,15
MNMOFS,MNMOFS_164,MNMOFS_43,Medicago sativa (Alfalfa),Across rows,2004-04-07,2008-11-17,58
MNMOFS,MNMOFS_164,MNMOFS_43,Medicago sativa (Alfalfa),Between rows,2004-04-07,2008-11-17,58
MNMOFS,MNMOFS_1,MNMOFS_41,Medicago sativa (Alfalfa),Between rows,2004-08-10,2008-11-17,60
MNMOFS,MNMOFS_1,MNMOFS_41,Medicago sativa (Alfalfa),Across rows,2004-08-10,2008-11-17,60
MNMOFS,MNMOFS_1,MNMOFS_41,Zea mays (Corn),Across rows,2006-05-02,2007-04-25,30
MNMOFS,MNMOFS_1,MNMOFS_41,Zea mays (Corn),Between rows,2006-05-02,2007-04-25,31
MNMOFS,MNMOFS_1,MNMOFS_41,Glycine max (Soybean),Across rows,2007-05-14,2008-04-16,24
MNMOFS,MNMOFS_1,MNMOFS_41,Glycine max (Soybean),Between rows,2007-05-14,2008-04-16,24
MNMOFS,MNMOFS_2,MNMOFS_31,Medicago sativa (Alfalfa),Across rows,2004-04-07,2005-04-29,25
MNMOFS,MNMOFS_2,MNMOFS_31,Medicago sativa (Alfalfa),Between rows,2004-04-07,2005-04-29,25
MNMOFS,MNMOFS_2,MNMOFS_31,Zea mays (Corn),Between rows,2005-05-10,2006-04-25,31
MNMOFS,MNMOFS_2,MNMOFS_31,Zea mays (Corn),Across rows,2005-05-10,2006-04-25,31
MNMOFS,MNMOFS_2,MNMOFS_31,Glycine max (Soybean),Across rows,2006-05-09,2007-04-25,24
MNMOFS,MNMOFS_2,MNMOFS_31,Glycine max (Soybean),Between rows,2006-05-09,2007-04-25,24
MNMOFS,MNMOFS_3,MNMOFS_13,Zea mays (Corn),Across rows,2004-04-07,2007-04-25,55
MNMOFS,MNMOFS_3,MNMOFS_13,Zea mays (Corn),Between rows,2004-04-07,2007-04-25,55
MNMOFS,MNMOFS_3,MNMOFS_13,Glycine max (Soybean),Between rows,2005-05-10,2006-04-27,33
MNMOFS,MNMOFS_3,MNMOFS_13,Glycine max (Soybean),Across rows,2005-05-10,2006-04-27,33
MNMOFS,MNMOFS_5,MNMOFS_33,Zea mays (Corn),Between rows,2004-04-07,2005-04-25,24
MNMOFS,MNMOFS_5,MNMOFS_33,Zea mays (Corn),Across rows,2004-04-07,2005-04-25,24
MNMOFS,MNMOFS_5,MNMOFS_33,Glycine max (Soybean),Between rows,2005-05-10,2006-05-02,32
MNMOFS,MNMOFS_5,MNMOFS_33,Glycine max (Soybean),Across rows,2005-05-10,2006-05-02,32
MNMOFS,MNMOFS_5,MNMOFS_33,Medicago sativa (Alfalfa),Across rows,2006-08-02,2007-04-25,17
MNMOFS,MNMOFS_5,MNMOFS_33,Medicago sativa (Alfalfa),Between rows,2006-08-02,2007-04-25,18
MNMOFS,MNMOFS_17,MNMOFS_45,Zea mays (Corn),Between rows,2004-05-03,2008-11-17,38
MNMOFS,MNMOFS_17,MNMOFS_45,Zea mays (Corn),Across rows,2004-05-03,2008-11-17,38
MNMOFS,MNMOFS_17,MNMOFS_45,Glycine max (Soybean),Across rows,2005-05-10,2006-04-27,30
MNMOFS,MNMOFS_17,MNMOFS_45,Glycine max (Soybean),Between rows,2005-05-10,2006-04-27,26
MNMOFS,MNMOFS_17,MNMOFS_45,Medicago sativa (Alfalfa),Across rows,2004-04-07,2008-04-30,45
MNMOFS,MNMOFS_17,MNMOFS_45,Medicago sativa (Alfalfa),Between rows,2004-04-07,2008-04-30,45
MNMOFS,MNMOFS_18,MNMOFS_15,Glycine max (Soybean),Across rows,2004-04-07,2007-04-25,51
MNMOFS,MNMOFS_18,MNMOFS_15,Glycine max (Soybean),Between rows,2004-04-07,2007-04-25,51
MNMOFS,MNMOFS_18,MNMOFS_15,Zea mays (Corn),Across rows,2005-05-10,2006-04-25,30
MNMOFS,MNMOFS_18,MNMOFS_15,Zea mays (Corn),Between rows,2005-05-10,2006-04-25,30
MNMOFS,MNMOFS_24,MNMOFS_43,Medicago sativa (Alfalfa),Across rows,2004-04-07,2008-11-17,59
MNMOFS,MNMOFS_24,MNMOFS_43,Medicago sativa (Alfalfa),Between rows,2004-04-07,2008-11-17,59
MNMOFS,MNMOFS_24,MNMOFS_43,Zea mays (Corn),Across rows,2005-05-10,2006-04-25,31
MNMOFS,MNMOFS_24,MNMOFS_43,Zea mays (Corn),Between rows,2005-05-10,2006-04-25,31
MNMOFS,MNMOFS_24,MNMOFS_43,Glycine max (Soybean),Between rows,2006-05-09,2007-04-25,24
MNMOFS,MNMOFS_24,MNMOFS_43,Glycine max (Soybean),Across rows,2006-05-09,2007-04-25,24
MNMOFS,MNMOFS_26,MNMOFS_46,Glycine max (Soybean),Across rows,2006-03-14,2006-04-27,4
MNMOFS,MNMOFS_26,MNMOFS_46,Medicago sativa (Alfalfa),Across rows,2006-08-02,2008-04-30,44
MNMOFS,MNMOFS_26,MNMOFS_46,Medicago sativa (Alfalfa),Between rows,2006-08-02,2008-04-30,44
MNMOFS,MNMOFS_26,MNMOFS_46,Zea mays (Corn),Across rows,2008-05-14,2008-11-17,15
MNMOFS,MNMOFS_31,MNMOFS_48,Medicago sativa (Alfalfa),Between rows,2006-03-14,2007-04-25,37
MNMOFS,MNMOFS_31,MNMOFS_48,Medicago sativa (Alfalfa),Across rows,2006-03-14,2007-04-25,37
MNMOFS,MNMOFS_31,MNMOFS_48,Zea mays (Corn),Across rows,2007-05-09,2008-04-30,24
MNMOFS,MNMOFS_31,MNMOFS_48,Zea mays (Corn),Between rows,2007-05-09,2008-04-30,24
MNMOFS,MNMOFS_31,MNMOFS_48,Glycine max (Soybean),Between rows,2008-05-14,2008-11-17,14
MNMOFS,MNMOFS_34,MNMOFS_29,Zea mays (Corn),Across rows,2006-05-02,2007-04-25,31
MNMOFS,MNMOFS_34,MNMOFS_29,Zea mays (Corn),Between rows,2006-05-02,2007-04-25,31
MNMOFS,MNMOFS_35,MNMOFS_23,Zea mays (Corn),Between rows,2007-05-09,2007-10-09,11
MNMOFS,MNMOFS_37,MNMOFS_35,Glycine max (Soybean),Between rows,2004-04-07,2005-04-28,24
MNMOFS,MNMOFS_37,MNMOFS_35,Glycine max (Soybean),Across rows,2004-04-07,2005-04-28,24
MNMOFS,MNMOFS_37,MNMOFS_35,Triticum aestivum (Wheat),Across rows,2005-05-10,2005-07-18,8
MNMOFS,MNMOFS_37,MNMOFS_35,Triticum aestivum (Wheat),Between rows,2005-05-10,2005-07-18,8
MNMOFS,MNMOFS_37,MNMOFS_35,Medicago sativa (Alfalfa),Across rows,2005-08-01,2007-04-25,52
MNMOFS,MNMOFS_37,MNMOFS_35,Medicago sativa (Alfalfa),Between rows,2005-08-01,2007-04-25,52
MNMOFS,MNMOFS_40,MNMOFS_47,Glycine max (Soybean),Across rows,2004-05-03,2008-11-17,36
MNMOFS,MNMOFS_40,MNMOFS_47,Glycine max (Soybean),Between rows,2004-05-03,2008-11-17,36
MNMOFS,MNMOFS_40,MNMOFS_47,Triticum aestivum (Wheat),Across rows,2005-05-10,2005-08-15,11
MNMOFS,MNMOFS_40,MNMOFS_47,Triticum aestivum (Wheat),Between rows,2005-05-10,2005-08-15,11
MNMOFS,MNMOFS_40,MNMOFS_47,Medicago sativa (Alfalfa),Across rows,2005-08-29,2007-04-25,50
MNMOFS,MNMOFS_40,MNMOFS_47,Medicago sativa (Alfalfa),Between rows,2005-08-29,2007-04-25,49
MNMOFS,MNMOFS_40,MNMOFS_47,Zea mays (Corn),Across rows,2004-04-07,2008-04-30,27
MNMOFS,MNMOFS_40,MNMOFS_47,Zea mays (Corn),Between rows,2004-04-07,2008-04-30,27
MNMOFS,MNMOFS_42,MNMOFS_44,Zea mays (Corn),Between rows,2006-03-14,2006-04-25,6
MNMOFS,MNMOFS_42,MNMOFS_44,Zea mays (Corn),Across rows,2006-03-14,2006-04-25,6
MNMOFS,MNMOFS_42,MNMOFS_44,Glycine max (Soybean),Between rows,2006-05-09,2007-04-25,24
MNMOFS,MNMOFS_42,MNMOFS_44,Glycine max (Soybean),Across rows,2006-05-09,2007-04-25,24
MNMOFS,MNMOFS_42,MNMOFS_44,Medicago sativa (Alfalfa),Between rows,2007-09-05,2008-11-17,34
MNMOFS,MNMOFS_42,MNMOFS_44,Medicago sativa (Alfalfa),Across rows,2007-09-05,2008-11-17,34
MNMOFS,MNMOFS_44,MNMOFS_42,Medicago sativa (Alfalfa),Between rows,2006-03-14,2008-11-17,12
MNMOFS,MNMOFS_44,MNMOFS_42,Medicago sativa (Alfalfa),Across rows,2006-03-14,2008-11-17,13
MNMOFS,MNMOFS_44,MNMOFS_42,Zea mays (Corn),Across rows,2006-05-09,2007-04-25,30
MNMOFS,MNMOFS_44,MNMOFS_42,Zea mays (Corn),Between rows,2006-05-09,2007-04-25,30
MNMOFS,MNMOFS_44,MNMOFS_42,Glycine max (Soybean),Between rows,2007-05-09,2008-04-30,23
MNMOFS,MNMOFS_44,MNMOFS_42,Glycine max (Soybean),Across rows,2007-05-09,2008-04-30,23
MNMOFS,MNMOFS_50,MNMOFS_42,Medicago sativa (Alfalfa),Between rows,2006-03-14,2008-11-17,14
MNMOFS,MNMOFS_50,MNMOFS_42,Medicago sativa (Alfalfa),Across rows,2006-03-14,2008-11-17,14
MNMOFS,MNMOFS_50,MNMOFS_42,Zea mays (Corn),Between rows,2006-05-09,2007-04-25,30
MNMOFS,MNMOFS_50,MNMOFS_42,Zea mays (Corn),Across rows,2006-05-09,2007-04-25,30
MNMOFS,MNMOFS_50,MNMOFS_42,Glycine max (Soybean),Between rows,2007-05-09,2008-04-30,24
MNMOFS,MNMOFS_50,MNMOFS_42,Glycine max (Soybean),Across rows,2007-05-09,2008-04-30,24
MNMOFS,MNMOFS_52,MNMOFS_44,Zea mays (Corn),Between rows,2006-03-14,2006-04-25,6
MNMOFS,MNMOFS_52,MNMOFS_44,Zea mays (Corn),Across rows,2006-03-14,2006-04-25,6
MNMOFS,MNMOFS_52,MNMOFS_44,Glycine max (Soybean),Across rows,2006-05-09,2007-04-25,24
MNMOFS,MNMOFS_52,MNMOFS_44,Glycine max (Soybean),Between rows,2006-05-09,2007-04-25,24
MNMOFS,MNMOFS_52,MNMOFS_44,Medicago sativa (Alfalfa),Between rows,2007-09-05,2008-11-17,34
MNMOFS,MNMOFS_52,MNMOFS_44,Medicago sativa (Alfalfa),Across rows,2007-09-05,2008-11-17,34
MNMOFS,MNMOFS_55,MNMOFS_46,Glycine max (Soybean),Between rows,2006-03-14,2006-04-27,7
MNMOFS,MNMOFS_55,MNMOFS_46,Medicago sativa (Alfalfa),Between rows,2006-08-02,2008-04-30,44
MNMOFS,MNMOFS_55,MNMOFS_46,Medicago sativa (Alfalfa),Across rows,2006-08-02,2008-04-30,44
MNMOFS,MNMOFS_55,MNMOFS_46,Zea mays (Corn),Between rows,2008-05-14,2008-11-17,15
MNMOFS,MNMOFS_58,MNMOFS_31,Medicago sativa (Alfalfa),Across rows,2004-04-07,2005-04-29,25
MNMOFS,MNMOFS_58,MNMOFS_31,Medicago sativa (Alfalfa),Between rows,2004-04-07,2005-04-29,25
MNMOFS,MNMOFS_58,MNMOFS_31,Zea mays (Corn),Between rows,2005-05-10,2006-04-25,27
MNMOFS,MNMOFS_58,MNMOFS_31,Zea mays (Corn),Across rows,2005-05-10,2006-04-25,27
MNMOFS,MNMOFS_58,MNMOFS_31,Glycine max (Soybean),Across rows,2006-05-09,2007-04-25,24
MNMOFS,MNMOFS_58,MNMOFS_31,Glycine max (Soybean),Between rows,2006-05-09,2007-04-25,24
MNMOFS,MNMOFS_61,MNMOFS_33,Zea mays (Corn),Across rows,2004-04-07,2005-04-25,24
MNMOFS,MNMOFS_61,MNMOFS_33,Zea mays (Corn),Between rows,2004-04-07,2005-04-25,23
MNMOFS,MNMOFS_61,MNMOFS_33,Glycine max (Soybean),Between rows,2005-05-10,2006-05-02,28
MNMOFS,MNMOFS_61,MNMOFS_33,Glycine max (Soybean),Across rows,2005-05-10,2006-05-02,28
MNMOFS,MNMOFS_61,MNMOFS_33,Medicago sativa (Alfalfa),Between rows,2006-08-02,2007-04-25,18
MNMOFS,MNMOFS_61,MNMOFS_33,Medicago sativa (Alfalfa),Across rows,2006-08-02,2007-04-25,18
MNMOFS,MNMOFS_64,MNMOFS_29,Medicago sativa (Alfalfa),Between rows,2004-08-10,2006-04-27,45
MNMOFS,MNMOFS_64,MNMOFS_29,Zea mays (Corn),Across rows,2006-05-02,2007-04-25,31
MNMOFS,MNMOFS_64,MNMOFS_29,Zea mays (Corn),Between rows,2006-05-02,2007-04-25,31
MNMOFS,MNMOFS_65,MNMOFS_48,Medicago sativa (Alfalfa),Between rows,2006-03-14,2007-04-25,37
MNMOFS,MNMOFS_65,MNMOFS_48,Medicago sativa (Alfalfa),Across rows,2006-03-14,2007-04-25,37
MNMOFS,MNMOFS_65,MNMOFS_48,Zea mays (Corn),Between rows,2007-05-09,2008-04-30,24
MNMOFS,MNMOFS_65,MNMOFS_48,Zea mays (Corn),Across rows,2007-05-09,2008-04-30,24
MNMOFS,MNMOFS_73,MNMOFS_15,Glycine max (Soybean),Across rows,2004-04-07,2007-04-25,51
MNMOFS,MNMOFS_73,MNMOFS_15,Glycine max (Soybean),Between rows,2004-04-07,2007-04-25,51
MNMOFS,MNMOFS_73,MNMOFS_15,Zea mays (Corn),Across rows,2005-05-10,2006-04-25,27
MNMOFS,MNMOFS_73,MNMOFS_15,Zea mays (Corn),Between rows,2005-05-10,2006-04-25,27
MNMOFS,MNMOFS_74,MNMOFS_35,Glycine max (Soybean),Across rows,2004-04-07,2005-04-28,24
MNMOFS,MNMOFS_74,MNMOFS_35,Glycine max (Soybean),Between rows,2004-04-07,2005-04-28,24
MNMOFS,MNMOFS_74,MNMOFS_35,Triticum aestivum (Wheat),Between rows,2005-05-10,2005-07-18,7
MNMOFS,MNMOFS_74,MNMOFS_35,Triticum aestivum (Wheat),Across rows,2005-05-10,2005-07-18,7
MNMOFS,MNMOFS_74,MNMOFS_35,Medicago sativa (Alfalfa),Between rows,2005-08-01,2007-04-25,50
MNMOFS,MNMOFS_74,MNMOFS_35,Medicago sativa (Alfalfa),Across rows,2005-08-01,2007-04-25,49
MNMOFS,MNMOFS_80,MNMOFS_45,Zea mays (Corn),Across rows,2004-05-03,2008-11-17,38
MNMOFS,MNMOFS_80,MNMOFS_45,Zea mays (Corn),Between rows,2004-05-03,2008-11-17,38
MNMOFS,MNMOFS_80,MNMOFS_45,Glycine max (Soybean),Across rows,2005-05-10,2006-04-27,27
MNMOFS,MNMOFS_80,MNMOFS_45,Glycine max (Soybean),Between rows,2005-05-10,2006-04-27,27
MNMOFS,MNMOFS_80,MNMOFS_45,Medicago sativa (Alfalfa),Across rows,2004-04-07,2008-04-30,45
MNMOFS,MNMOFS_80,MNMOFS_45,Medicago sativa (Alfalfa),Between rows,2004-04-07,2008-04-30,45
MNMOFS,MNMOFS_92,MNMOFS_43,Medicago sativa (Alfalfa),Between rows,2004-04-07,2008-11-17,60
MNMOFS,MNMOFS_92,MNMOFS_43,Medicago sativa (Alfalfa),Across rows,2004-04-07,2008-11-17,60
MNMOFS,MNMOFS_92,MNMOFS_43,Zea mays (Corn),Across rows,2005-05-10,2006-04-25,27
MNMOFS,MNMOFS_92,MNMOFS_43,Zea mays (Corn),Between rows,2005-05-10,2006-04-25,27
MNMOFS,MNMOFS_92,MNMOFS_43,Glycine max (Soybean),Between rows,2006-05-09,2007-04-25,24
MNMOFS,MNMOFS_92,MNMOFS_43,Glycine max (Soybean),Across rows,2006-05-09,2007-04-25,24
MNMOFS,MNMOFS_93,MNMOFS_47,Glycine max (Soybean),Between rows,2004-05-03,2008-11-17,36
MNMOFS,MNMOFS_93,MNMOFS_47,Glycine max (Soybean),Across rows,2004-05-03,2008-11-17,36
MNMOFS,MNMOFS_93,MNMOFS_47,Triticum aestivum (Wheat),Between rows,2005-05-10,2005-08-15,10
MNMOFS,MNMOFS_93,MNMOFS_47,Triticum aestivum (Wheat),Across rows,2005-05-10,2005-08-15,10
MNMOFS,MNMOFS_93,MNMOFS_47,Medicago sativa (Alfalfa),Across rows,2005-08-29,2007-04-25,47
MNMOFS,MNMOFS_93,MNMOFS_47,Medicago sativa (Alfalfa),Between rows,2005-08-29,2007-04-25,47
MNMOFS,MNMOFS_93,MNMOFS_47,Zea mays (Corn),Across rows,2004-04-07,2008-04-30,27
MNMOFS,MNMOFS_93,MNMOFS_47,Zea mays (Corn),Between rows,2004-04-07,2008-04-30,27
MNMOFS,MNMOFS_95,MNMOFS_13,Zea mays (Corn),Across rows,2004-04-07,2007-04-25,54
MNMOFS,MNMOFS_95,MNMOFS_13,Zea mays (Corn),Between rows,2004-04-07,2007-04-25,54
MNMOFS,MNMOFS_95,MNMOFS_13,Glycine max (Soybean),Between rows,2005-05-10,2006-04-27,24
MNMOFS,MNMOFS_95,MNMOFS_13,Glycine max (Soybean),Across rows,2005-05-10,2006-04-27,29
MNMOFS,MNMOFS_96,MNMOFS_41,Medicago sativa (Alfalfa),Between rows,2004-08-10,2008-11-17,56
MNMOFS,MNMOFS_96,MNMOFS_41,Zea mays (Corn),Between rows,2006-05-02,2007-04-25,31
MNMOFS,MNMOFS_96,MNMOFS_41,Zea mays (Corn),Across rows,2006-05-02,2007-04-25,30
MNMOFS,MNMOFS_96,MNMOFS_41,Glycine max (Soybean),Across rows,2007-05-14,2008-04-16,24
MNMOFS,MNMOFS_96,MNMOFS_41,Glycine max (Soybean),Between rows,2007-05-14,2008-04-16,24
MNMOFS,MNMOFS_96,MNMOFS_41,Triticum aestivum (Wheat),Across rows,2004-04-07,2008-07-23,16
MNMOFS,MNMOFS_99,MNMOFS_15,Glycine max (Soybean),Across rows,2004-04-07,2007-04-25,49
MNMOFS,MNMOFS_99,MNMOFS_15,Glycine max (Soybean),Between rows,2004-04-07,2007-04-25,49
MNMOFS,MNMOFS_99,MNMOFS_15,Zea mays (Corn),Between rows,2005-05-10,2006-04-25,29
MNMOFS,MNMOFS_99,MNMOFS_15,Zea mays (Corn),Across rows,2005-05-10,2006-04-25,29
MNMOFS,MNMOFS_100,MNMOFS_33,Zea mays (Corn),Across rows,2004-04-07,2005-04-25,23
MNMOFS,MNMOFS_100,MNMOFS_33,Zea mays (Corn),Between rows,2004-04-07,2005-04-25,23
MNMOFS,MNMOFS_100,MNMOFS_33,Glycine max (Soybean),Between rows,2005-05-10,2006-05-02,26
MNMOFS,MNMOFS_100,MNMOFS_33,Glycine max (Soybean),Across rows,2005-05-10,2006-05-02,29
MNMOFS,MNMOFS_100,MNMOFS_33,Medicago sativa (Alfalfa),Across rows,2006-08-02,2007-04-25,17
MNMOFS,MNMOFS_100,MNMOFS_33,Medicago sativa (Alfalfa),Between rows,2006-08-02,2007-04-25,17
MNMOFS,MNMOFS_101,MNMOFS_41,Medicago sativa (Alfalfa),Across rows,2004-08-10,2008-11-17,57
MNMOFS,MNMOFS_101,MNMOFS_41,Zea mays (Corn),Across rows,2006-05-02,2007-04-25,31
MNMOFS,MNMOFS_101,MNMOFS_41,Zea mays (Corn),Between rows,2006-05-02,2007-04-25,31
MNMOFS,MNMOFS_101,MNMOFS_41,Glycine max (Soybean),Between rows,2007-05-14,2008-04-16,24
MNMOFS,MNMOFS_101,MNMOFS_41,Glycine max (Soybean),Across rows,2007-05-14,2008-04-16,24
MNMOFS,MNMOFS_107,MNMOFS_48,Medicago sativa (Alfalfa),Between rows,2006-03-14,2007-04-25,37
MNMOFS,MNMOFS_107,MNMOFS_48,Medicago sativa (Alfalfa),Across rows,2006-03-14,2007-04-25,37
MNMOFS,MNMOFS_107,MNMOFS_48,Zea mays (Corn),Across rows,2007-05-09,2008-04-30,24
MNMOFS,MNMOFS_107,MNMOFS_48,Zea mays (Corn),Between rows,2007-05-09,2008-04-30,24
MNMOFS,MNMOFS_107,MNMOFS_48,Glycine max (Soybean),Across rows,2008-05-14,2008-11-17,14
MNMOFS,MNMOFS_107,MNMOFS_48,Glycine max (Soybean),Between rows,2008-05-14,2008-11-17,14
MNMOFS,MNMOFS_110,MNMOFS_46,Glycine max (Soybean),Between rows,2006-03-14,2006-04-27,7
MNMOFS,MNMOFS_110,MNMOFS_46,Medicago sativa (Alfalfa),Across rows,2006-08-02,2008-04-30,42
MNMOFS,MNMOFS_110,MNMOFS_46,Medicago sativa (Alfalfa),Between rows,2006-08-02,2008-04-30,42
MNMOFS,MNMOFS_110,MNMOFS_46,Zea mays (Corn),Across rows,2008-05-14,2008-11-17,15
MNMOFS,MNMOFS_111,MNMOFS_44,Zea mays (Corn),Between rows,2006-03-14,2006-04-25,6
MNMOFS,MNMOFS_111,MNMOFS_44,Glycine max (Soybean),Between rows,2006-05-09,2007-04-25,23
MNMOFS,MNMOFS_111,MNMOFS_44,Glycine max (Soybean),Across rows,2006-05-09,2007-04-25,23
MNMOFS,MNMOFS_111,MNMOFS_44,Medicago sativa (Alfalfa),Between rows,2007-09-05,2008-11-17,34
MNMOFS,MNMOFS_111,MNMOFS_44,Medicago sativa (Alfalfa),Across rows,2007-09-05,2008-11-17,34
MNMOFS,MNMOFS_114,MNMOFS_31,Medicago sativa (Alfalfa),Between rows,2004-04-07,2005-04-29,24
MNMOFS,MNMOFS_114,MNMOFS_31,Medicago sativa (Alfalfa),Across rows,2004-04-07,2005-04-29,24
MNMOFS,MNMOFS_114,MNMOFS_31,Zea mays (Corn),Between rows,2005-05-10,2006-04-25,30
MNMOFS,MNMOFS_114,MNMOFS_31,Zea mays (Corn),Across rows,2005-05-10,2006-04-25,30
MNMOFS,MNMOFS_114,MNMOFS_31,Glycine max (Soybean),Across rows,2006-05-09,2007-04-25,23
MNMOFS,MNMOFS_114,MNMOFS_31,Glycine max (Soybean),Between rows,2006-05-09,2007-04-25,23
MNMOFS,MNMOFS_119,MNMOFS_45,Zea mays (Corn),Between rows,2004-05-03,2008-11-17,37
MNMOFS,MNMOFS_119,MNMOFS_45,Zea mays (Corn),Across rows,2004-05-03,2008-11-17,37
MNMOFS,MNMOFS_119,MNMOFS_45,Glycine max (Soybean),Across rows,2005-05-10,2006-04-27,30
MNMOFS,MNMOFS_119,MNMOFS_45,Glycine max (Soybean),Between rows,2005-05-10,2006-04-27,30
MNMOFS,MNMOFS_119,MNMOFS_45,Medicago sativa (Alfalfa),Across rows,2004-04-07,2008-04-30,44
MNMOFS,MNMOFS_119,MNMOFS_45,Medicago sativa (Alfalfa),Between rows,2004-04-07,2008-04-30,44
MNMOFS,MNMOFS_120,MNMOFS_43,Medicago sativa (Alfalfa),Between rows,2004-04-07,2008-11-17,51
MNMOFS,MNMOFS_120,MNMOFS_43,Medicago sativa (Alfalfa),Across rows,2004-04-07,2008-11-17,59
MNMOFS,MNMOFS_120,MNMOFS_43,Zea mays (Corn),Between rows,2005-05-10,2006-04-25,30
MNMOFS,MNMOFS_120,MNMOFS_43,Zea mays (Corn),Across rows,2005-05-10,2006-04-25,30
MNMOFS,MNMOFS_120,MNMOFS_43,Glycine max (Soybean),Across rows,2006-05-09,2007-04-25,23
MNMOFS,MNMOFS_120,MNMOFS_43,Glycine max (Soybean),Between rows,2006-05-09,2007-04-25,23
MNMOFS,MNMOFS_121,MNMOFS_18,Glycine max (Soybean),Across rows,2007-06-08,2007-10-09,9
MNMOFS,MNMOFS_131,MNMOFS_47,Glycine max (Soybean),Across rows,2004-05-03,2008-11-17,35
MNMOFS,MNMOFS_131,MNMOFS_47,Glycine max (Soybean),Between rows,2004-05-03,2008-11-17,35
MNMOFS,MNMOFS_131,MNMOFS_47,Triticum aestivum (Wheat),Across rows,2005-05-10,2005-08-15,10
MNMOFS,MNMOFS_131,MNMOFS_47,Triticum aestivum (Wheat),Between rows,2005-05-10,2005-08-15,10
MNMOFS,MNMOFS_131,MNMOFS_47,Medicago sativa (Alfalfa),Across rows,2005-08-29,2007-04-25,50
MNMOFS,MNMOFS_131,MNMOFS_47,Medicago sativa (Alfalfa),Between rows,2005-08-29,2007-04-25,49
MNMOFS,MNMOFS_131,MNMOFS_47,Zea mays (Corn),Between rows,2004-04-07,2008-04-30,27
MNMOFS,MNMOFS_131,MNMOFS_47,Zea mays (Corn),Across rows,2004-04-07,2008-04-30,27
MNMOFS,MNMOFS_132,MNMOFS_23,Zea mays (Corn),Between rows,2007-05-09,2007-10-09,11
MNMOFS,MNMOFS_133,MNMOFS_35,Glycine max (Soybean),Across rows,2004-04-07,2005-04-28,23
MNMOFS,MNMOFS_133,MNMOFS_35,Glycine max (Soybean),Between rows,2004-04-07,2005-04-28,23
MNMOFS,MNMOFS_133,MNMOFS_35,Triticum aestivum (Wheat),Between rows,2005-05-10,2005-07-18,7
MNMOFS,MNMOFS_133,MNMOFS_35,Triticum aestivum (Wheat),Across rows,2005-05-10,2005-07-18,7
MNMOFS,MNMOFS_133,MNMOFS_35,Medicago sativa (Alfalfa),Across rows,2005-08-01,2007-04-25,53
MNMOFS,MNMOFS_133,MNMOFS_35,Medicago sativa (Alfalfa),Between rows,2005-08-01,2007-04-25,53
MNMOFS,MNMOFS_134,MNMOFS_13,Zea mays (Corn),Between rows,2004-04-07,2007-04-25,54
MNMOFS,MNMOFS_134,MNMOFS_13,Zea mays (Corn),Across rows,2004-04-07,2007-04-25,54
MNMOFS,MNMOFS_134,MNMOFS_13,Glycine max (Soybean),Across rows,2005-05-10,2006-04-27,32
MNMOFS,MNMOFS_134,MNMOFS_13,Glycine max (Soybean),Between rows,2005-05-10,2006-04-27,32
MNMOFS,MNMOFS_136,MNMOFS_29,Medicago sativa (Alfalfa),Across rows,2004-08-10,2006-04-27,50
MNMOFS,MNMOFS_136,MNMOFS_29,Medicago sativa (Alfalfa),Between rows,2004-08-10,2006-04-27,50
MNMOFS,MNMOFS_136,MNMOFS_29,Zea mays (Corn),Between rows,2006-05-02,2007-04-25,31
MNMOFS,MNMOFS_136,MNMOFS_29,Zea mays (Corn),Across rows,2006-05-02,2007-04-25,31
MNMOFS,MNMOFS_137,MNMOFS_24,Zea mays (Corn),Across rows,2007-06-08,2007-10-09,9
MNMOFS,MNMOFS_141,MNMOFS_42,Medicago sativa (Alfalfa),Between rows,2006-03-14,2008-11-17,14
MNMOFS,MNMOFS_141,MNMOFS_42,Zea mays (Corn),Between rows,2006-05-09,2007-04-25,29
MNMOFS,MNMOFS_141,MNMOFS_42,Zea mays (Corn),Across rows,2006-05-09,2007-04-25,30
MNMOFS,MNMOFS_141,MNMOFS_42,Glycine max (Soybean),Between rows,2007-05-09,2008-04-30,24
MNMOFS,MNMOFS_141,MNMOFS_42,Glycine max (Soybean),Across rows,2007-05-09,2008-04-30,24
MNMOFS,MNMOFS_141,MNMOFS_42,Triticum aestivum (Wheat),Across rows,2008-05-14,2008-07-23,6
MNMOFS,MNMOFS_146,MNMOFS_13,Zea mays (Corn),Across rows,2004-04-07,2007-04-25,52
MNMOFS,MNMOFS_146,MNMOFS_13,Zea mays (Corn),Between rows,2004-04-07,2007-04-25,52
MNMOFS,MNMOFS_146,MNMOFS_13,Glycine max (Soybean),Across rows,2005-05-10,2006-04-27,31
MNMOFS,MNMOFS_146,MNMOFS_13,Glycine max (Soybean),Between rows,2005-05-10,2006-04-27,31
MNMOFS,MNMOFS_148,MNMOFS_33,Zea mays (Corn),Across rows,2004-04-07,2005-04-25,22
MNMOFS,MNMOFS_148,MNMOFS_33,Zea mays (Corn),Between rows,2004-04-07,2005-04-25,22
MNMOFS,MNMOFS_148,MNMOFS_33,Glycine max (Soybean),Between rows,2005-05-10,2006-05-02,30
MNMOFS,MNMOFS_148,MNMOFS_33,Glycine max (Soybean),Across rows,2005-05-10,2006-05-02,30
MNMOFS,MNMOFS_148,MNMOFS_33,Medicago sativa (Alfalfa),Across rows,2006-08-02,2007-04-25,16
MNMOFS,MNMOFS_148,MNMOFS_33,Medicago sativa (Alfalfa),Between rows,2006-08-02,2007-04-25,16
MNMOFS,MNMOFS_152,MNMOFS_17,Glycine max (Soybean),Between rows,2007-05-14,2007-10-09,11
MNMOFS,MNMOFS_156,MNMOFS_46,Glycine max (Soybean),Across rows,2006-03-14,2006-04-27,7
MNMOFS,MNMOFS_156,MNMOFS_46,Glycine max (Soybean),Between rows,2006-03-14,2006-04-27,7
MNMOFS,MNMOFS_156,MNMOFS_46,Medicago sativa (Alfalfa),Across rows,2006-08-02,2008-04-30,41
MNMOFS,MNMOFS_156,MNMOFS_46,Medicago sativa (Alfalfa),Between rows,2006-08-02,2008-04-30,41
MNMOFS,MNMOFS_162,MNMOFS_31,Medicago sativa (Alfalfa),Between rows,2004-04-07,2005-04-29,23
MNMOFS,MNMOFS_162,MNMOFS_31,Medicago sativa (Alfalfa),Across rows,2004-04-07,2005-04-29,23
MNMOFS,MNMOFS_162,MNMOFS_31,Zea mays (Corn),Across rows,2005-05-10,2006-04-25,29
MNMOFS,MNMOFS_162,MNMOFS_31,Zea mays (Corn),Between rows,2005-05-10,2006-04-25,29
MNMOFS,MNMOFS_162,MNMOFS_31,Glycine max (Soybean),Across rows,2006-05-09,2007-04-25,22
MNMOFS,MNMOFS_162,MNMOFS_31,Glycine max (Soybean),Between rows,2006-05-09,2007-04-25,22
MNMOFS,MNMOFS_163,MNMOFS_19,Triticum aestivum (Wheat),Across rows,2007-05-09,2007-10-09,11
MNMOFS,MNMOFS_164,MNMOFS_43,Zea mays (Corn),Across rows,2005-05-10,2006-04-25,29
MNMOFS,MNMOFS_164,MNMOFS_43,Zea mays (Corn),Between rows,2005-05-10,2006-04-25,29
MNMOFS,MNMOFS_164,MNMOFS_43,Glycine max (Soybean),Between rows,2006-05-09,2007-04-25,21
MNMOFS,MNMOFS_164,MNMOFS_43,Glycine max (Soybean),Across rows,2006-05-09,2007-04-25,21
MNMOFS,MNMOFS_165,MNMOFS_21,Medicago sativa (Alfalfa),Between rows,2007-05-09,2007-10-09,14
MNMOFS,MNMOFS_166,MNMOFS_29,Medicago sativa (Alfalfa),Across rows,2004-08-10,2006-04-27,46
MNMOFS,MNMOFS_166,MNMOFS_29,Medicago sativa (Alfalfa),Between rows,2004-08-10,2006-04-27,47
MNMOFS,MNMOFS_166,MNMOFS_29,Zea mays (Corn),Across rows,2006-05-02,2007-04-25,30
MNMOFS,MNMOFS_166,MNMOFS_29,Zea mays (Corn),Between rows,2006-05-02,2007-04-25,29
MNMOFS,MNMOFS_167,MNMOFS_41,Medicago sativa (Alfalfa),Between rows,2004-08-10,2008-11-17,55
MNMOFS,MNMOFS_167,MNMOFS_41,Medicago sativa (Alfalfa),Across rows,2004-08-10,2008-11-17,55
MNMOFS,MNMOFS_167,MNMOFS_41,Zea mays (Corn),Across rows,2006-05-02,2007-04-25,30
MNMOFS,MNMOFS_167,MNMOFS_41,Zea mays (Corn),Between rows,2006-05-02,2007-04-25,29
MNMOFS,MNMOFS_167,MNMOFS_41,Glycine max (Soybean),Between rows,2007-05-14,2008-04-16,24
MNMOFS,MNMOFS_167,MNMOFS_41,Glycine max (Soybean),Across rows,2007-05-14,2008-04-16,24
MNMOFS,MNMOFS_168,MNMOFS_47,Glycine max (Soybean),Across rows,2004-05-03,2008-11-17,34
MNMOFS,MNMOFS_168,MNMOFS_47,Glycine max (Soybean),Between rows,2004-05-03,2008-11-03,33
MNMOFS,MNMOFS_168,MNMOFS_47,Triticum aestivum (Wheat),Between rows,2005-05-10,2005-08-15,10
MNMOFS,MNMOFS_168,MNMOFS_47,Triticum aestivum (Wheat),Across rows,2005-05-10,2005-08-15,10
MNMOFS,MNMOFS_168,MNMOFS_47,Medicago sativa (Alfalfa),Across rows,2005-08-29,2007-04-25,45
MNMOFS,MNMOFS_168,MNMOFS_47,Medicago sativa (Alfalfa),Between rows,2005-08-29,2007-04-25,42
MNMOFS,MNMOFS_168,MNMOFS_47,Zea mays (Corn),Between rows,2004-04-07,2008-04-30,27
MNMOFS,MNMOFS_171,MNMOFS_48,Medicago sativa (Alfalfa),Across rows,2006-03-14,2007-04-25,36
MNMOFS,MNMOFS_171,MNMOFS_48,Medicago sativa (Alfalfa),Between rows,2006-03-14,2007-04-25,36
MNMOFS,MNMOFS_171,MNMOFS_48,Zea mays (Corn),Between rows,2007-05-09,2008-04-30,24
MNMOFS,MNMOFS_171,MNMOFS_48,Zea mays (Corn),Across rows,2007-05-09,2008-04-30,24
MNMOFS,MNMOFS_171,MNMOFS_48,Glycine max (Soybean),Between rows,2008-05-14,2008-11-17,14
MNMOFS,MNMOFS_171,MNMOFS_48,Glycine max (Soybean),Across rows,2008-05-14,2008-11-17,14
MNMOFS,MNMOFS_179,MNMOFS_15,Glycine max (Soybean),Between rows,2004-04-07,2007-04-25,48
MNMOFS,MNMOFS_179,MNMOFS_15,Glycine max (Soybean),Across rows,2004-04-07,2007-04-25,48
MNMOFS,MNMOFS_179,MNMOFS_15,Zea mays (Corn),Between rows,2005-05-10,2006-04-25,28
MNMOFS,MNMOFS_179,MNMOFS_15,Zea mays (Corn),Across rows,2005-05-10,2006-04-25,28
MNMOFS,MNMOFS_180,MNMOFS_45,Zea mays (Corn),Across rows,2004-05-03,2008-11-17,36
MNMOFS,MNMOFS_180,MNMOFS_45,Zea mays (Corn),Between rows,2004-05-03,2008-11-17,36
MNMOFS,MNMOFS_180,MNMOFS_45,Glycine max (Soybean),Across rows,2005-05-10,2006-04-27,28
MNMOFS,MNMOFS_180,MNMOFS_45,Glycine max (Soybean),Between rows,2005-05-10,2006-04-27,28
MNMOFS,MNMOFS_180,MNMOFS_45,Medicago sativa (Alfalfa),Across rows,2004-04-07,2008-04-30,41
MNMOFS,MNMOFS_180,MNMOFS_45,Medicago sativa (Alfalfa),Between rows,2004-04-07,2008-04-30,43
MNMOFS,MNMOFS_181,MNMOFS_35,Glycine max (Soybean),Across rows,2004-04-07,2005-04-28,22
MNMOFS,MNMOFS_181,MNMOFS_35,Glycine max (Soybean),Between rows,2004-04-07,2005-04-28,22
MNMOFS,MNMOFS_181,MNMOFS_35,Triticum aestivum (Wheat),Between rows,2005-05-10,2005-07-18,7
MNMOFS,MNMOFS_181,MNMOFS_35,Triticum aestivum (Wheat),Across rows,2005-05-10,2005-07-18,7
MNMOFS,MNMOFS_181,MNMOFS_35,Medicago sativa (Alfalfa),Across rows,2005-08-01,2007-04-25,50
MNMOFS,MNMOFS_181,MNMOFS_35,Medicago sativa (Alfalfa),Between rows,2005-08-01,2007-04-25,50
MNMOFS,MNMOFS_185,MNMOFS_44,Zea mays (Corn),Between rows,2006-03-14,2006-04-25,6
MNMOFS,MNMOFS_185,MNMOFS_44,Glycine max (Soybean),Between rows,2006-05-09,2007-04-25,22
MNMOFS,MNMOFS_185,MNMOFS_44,Glycine max (Soybean),Across rows,2006-05-09,2007-04-25,22
MNMOFS,MNMOFS_185,MNMOFS_44,Medicago sativa (Alfalfa),Between rows,2007-09-05,2008-11-17,34
MNMOFS,MNMOFS_185,MNMOFS_44,Medicago sativa (Alfalfa),Across rows,2007-09-05,2008-11-17,34
MNMOFS,MNMOFS_192,MNMOFS_42,Medicago sativa (Alfalfa),Across rows,2006-03-14,2008-11-17,14
MNMOFS,MNMOFS_192,MNMOFS_42,Zea mays (Corn),Between rows,2006-05-09,2007-04-25,29
MNMOFS,MNMOFS_192,MNMOFS_42,Zea mays (Corn),Across rows,2006-05-09,2007-04-25,29
MNMOFS,MNMOFS_192,MNMOFS_42,Glycine max (Soybean),Between rows,2007-05-09,2008-04-30,24
MNMOFS,MNMOFS_192,MNMOFS_42,Glycine max (Soybean),Across rows,2007-05-09,2008-04-30,24
MNMOFS,MNMOFS_116,MNMOFS_19,Triticum aestivum (Wheat),Across rows,2007-05-09,2007-10-09,11
MNMOFS,MNMOFS_31,MNMOFS_48,Glycine max (Soybean),Across rows,2008-05-14,2008-11-17,14
MNMOFS,MNMOFS_192,MNMOFS_42,Medicago sativa (Alfalfa),Between rows,2006-03-14,2008-11-17,14
MNMOFS,MNMOFS_140,MNMOFS_20,Triticum aestivum (Wheat),Between rows,2007-06-08,2007-10-09,10
MNMOFS,MNMOFS_161,MNMOFS_23,Zea mays (Corn),Between rows,2007-05-09,2007-10-09,11
MNMOFS,MNMOFS_111,MNMOFS_44,Zea mays (Corn),Across rows,2006-03-14,2006-04-25,6
MNMOFS,MNMOFS_55,MNMOFS_46,Glycine max (Soybean),Across rows,2006-03-14,2006-04-27,6
MNMOFS,MNMOFS_157,MNMOFS_18,Glycine max (Soybean),Across rows,2007-06-08,2007-10-09,9
MNMOFS,MNMOFS_100,MNMOFS_33,Triticum aestivum (Wheat),Between rows,2006-05-09,2006-07-11,6
MNMOFS,MNMOFS_192,MNMOFS_42,Triticum aestivum (Wheat),Across rows,2008-05-14,2008-07-23,6
MNMOFS,MNMOFS_159,MNMOFS_20,Triticum aestivum (Wheat),Across rows,2007-06-08,2007-10-09,10
MNMOFS,MNMOFS_141,MNMOFS_42,Medicago sativa (Alfalfa),Across rows,2006-03-14,2008-11-17,14
MNMOFS,MNMOFS_185,MNMOFS_44,Zea mays (Corn),Across rows,2006-03-14,2006-04-25,6
MNMOFS,MNMOFS_78,MNMOFS_17,Glycine max (Soybean),Between rows,2007-05-14,2007-10-09,11
MNMOFS,MNMOFS_110,MNMOFS_46,Glycine max (Soybean),Across rows,2006-03-14,2006-04-27,7
MNMOFS,MNMOFS_161,MNMOFS_23,Zea mays (Corn),Across rows,2007-05-09,2007-10-09,11
MNMOFS,MNMOFS_117,MNMOFS_17,Glycine max (Soybean),Across rows,2007-05-14,2007-10-09,11
MNMOFS,MNMOFS_152,MNMOFS_17,Glycine max (Soybean),Across rows,2007-05-14,2007-10-09,11
MNMOFS,MNMOFS_101,MNMOFS_41,Triticum aestivum (Wheat),Across rows,2004-04-07,2008-07-23,16
MNMOFS,MNMOFS_26,MNMOFS_46,Zea mays (Corn),Between rows,2008-05-14,2008-11-17,15
MNMOFS,MNMOFS_168,MNMOFS_47,Zea mays (Corn),Across rows,2004-04-07,2008-04-30,27
MNMOFS,MNMOFS_153,MNMOFS_24,Zea mays (Corn),Across rows,2007-06-08,2007-10-09,9
MNMOFS,MNMOFS_17,MNMOFS_45,Triticum aestivum (Wheat),Between rows,2006-05-02,2006-08-29,10
MNMOFS,MNMOFS_148,MNMOFS_33,Triticum aestivum (Wheat),Between rows,2006-05-09,2006-07-11,6
MNMOFS,MNMOFS_51,MNMOFS_22,Medicago sativa (Alfalfa),Between rows,2007-05-22,2007-10-09,11
MNMOFS,MNMOFS_28,MNMOFS_20,Triticum aestivum (Wheat),Across rows,2007-06-08,2007-10-09,10
MNMOFS,MNMOFS_148,MNMOFS_33,Triticum aestivum (Wheat),Across rows,2006-05-09,2006-07-11,6
MNMOFS,MNMOFS_180,MNMOFS_45,Triticum aestivum (Wheat),Between rows,2006-05-02,2006-08-29,10
MNMOFS,MNMOFS_86,MNMOFS_24,Zea mays (Corn),Between rows,2007-06-08,2007-10-09,9
MNMOFS,MNMOFS_26,MNMOFS_46,Glycine max (Soybean),Between rows,2006-04-11,2006-04-27,3
MNMOFS,MNMOFS_55,MNMOFS_46,Zea mays (Corn),Across rows,2008-05-14,2008-11-17,15
MNMOFS,MNMOFS_140,MNMOFS_20,Triticum aestivum (Wheat),Across rows,2007-06-08,2007-10-09,10
MNMOFS,MNMOFS_121,MNMOFS_18,Glycine max (Soybean),Between rows,2007-06-08,2007-10-09,9
MNMOFS,MNMOFS_48,MNMOFS_24,Zea mays (Corn),Between rows,2007-06-08,2007-10-09,9
MNMOFS,MNMOFS_192,MNMOFS_42,Triticum aestivum (Wheat),Between rows,2008-05-14,2008-07-23,6
MNMOFS,MNMOFS_132,MNMOFS_23,Zea mays (Corn),Across rows,2007-05-09,2007-10-09,11
MNMOFS,MNMOFS_141,MNMOFS_42,Triticum aestivum (Wheat),Between rows,2008-05-14,2008-07-23,6
MNMOFS,MNMOFS_16,MNMOFS_18,Glycine max (Soybean),Between rows,2007-06-08,2007-10-09,9
MNMOFS,MNMOFS_83,MNMOFS_20,Triticum aestivum (Wheat),Across rows,2007-06-08,2007-10-09,10
MNMOFS,MNMOFS_60,MNMOFS_23,Zea mays (Corn),Between rows,2007-05-09,2007-10-09,11
MNMOFS,MNMOFS_92,MNMOFS_43,Triticum aestivum (Wheat),Across rows,2007-05-09,2007-07-31,7
MNMOFS,MNMOFS_167,MNMOFS_41,Triticum aestivum (Wheat),Across rows,2004-04-07,2008-07-23,16
MNMOFS,MNMOFS_50,MNMOFS_42,Triticum aestivum (Wheat),Across rows,2008-05-14,2008-07-23,6
MNMOFS,MNMOFS_153,MNMOFS_24,Zea mays (Corn),Between rows,2007-06-08,2007-10-09,9
MNMOFS,MNMOFS_167,MNMOFS_41,Triticum aestivum (Wheat),Between rows,2004-04-07,2008-07-23,16
MNMOFS,MNMOFS_65,MNMOFS_48,Glycine max (Soybean),Between rows,2008-05-14,2008-11-17,14
MNMOFS,MNMOFS_54,MNMOFS_18,Glycine max (Soybean),Between rows,2007-06-08,2007-10-09,9
MNMOFS,MNMOFS_60,MNMOFS_23,Zea mays (Corn),Across rows,2007-05-09,2007-10-09,11
MNMOFS,MNMOFS_23,MNMOFS_17,Glycine max (Soybean),Across rows,2007-05-14,2007-10-09,11
MNMOFS,MNMOFS_5,MNMOFS_33,Triticum aestivum (Wheat),Across rows,2006-05-09,2006-07-11,6
MNMOFS,MNMOFS_5,MNMOFS_33,Triticum aestivum (Wheat),Between rows,2006-05-09,2006-07-11,6
MNMOFS,MNMOFS_101,MNMOFS_41,Triticum aestivum (Wheat),Between rows,2004-04-07,2008-07-23,16
MNMOFS,MNMOFS_137,MNMOFS_24,Zea mays (Corn),Between rows,2007-06-08,2007-10-09,9
MNMOFS,MNMOFS_144,MNMOFS_22,Medicago sativa (Alfalfa),Across rows,2007-05-22,2007-10-09,11
MNMOFS,MNMOFS_22,MNMOFS_19,Triticum aestivum (Wheat),Across rows,2007-05-09,2007-10-09,11
MNMOFS,MNMOFS_110,MNMOFS_46,Zea mays (Corn),Between rows,2008-05-14,2008-11-17,15
MNMOFS,MNMOFS_119,MNMOFS_45,Triticum aestivum (Wheat),Between rows,2006-05-02,2006-08-29,10
MNMOFS,MNMOFS_17,MNMOFS_45,Triticum aestivum (Wheat),Across rows,2006-05-02,2006-08-29,10
MNMOFS,MNMOFS_78,MNMOFS_17,Glycine max (Soybean),Across rows,2007-05-14,2007-10-09,11
MNMOFS,MNMOFS_65,MNMOFS_48,Glycine max (Soybean),Across rows,2008-05-14,2008-11-17,14
MNMOFS,MNMOFS_16,MNMOFS_18,Glycine max (Soybean),Across rows,2007-06-08,2007-10-09,9
MNMOFS,MNMOFS_111,MNMOFS_44,Triticum aestivum (Wheat),Across rows,2007-05-09,2007-08-21,11
MNMOFS,MNMOFS_48,MNMOFS_24,Zea mays (Corn),Across rows,2007-06-08,2007-10-09,9
MNMOFS,MNMOFS_119,MNMOFS_45,Triticum aestivum (Wheat),Across rows,2006-05-02,2006-08-14,9
MNMOFS,MNMOFS_90,MNMOFS_19,Triticum aestivum (Wheat),Across rows,2007-05-09,2007-10-09,11
MNMOFS,MNMOFS_80,MNMOFS_45,Triticum aestivum (Wheat),Across rows,2006-05-02,2006-08-29,10
MNMOFS,MNMOFS_157,MNMOFS_18,Glycine max (Soybean),Between rows,2007-06-08,2007-10-09,9
MNMOFS,MNMOFS_42,MNMOFS_44,Triticum aestivum (Wheat),Across rows,2007-05-09,2007-08-21,11
MNMOFS,MNMOFS_96,MNMOFS_41,Triticum aestivum (Wheat),Between rows,2004-04-07,2008-07-23,16
MNMOFS,MNMOFS_100,MNMOFS_33,Triticum aestivum (Wheat),Across rows,2006-05-09,2006-07-11,6
MNMOFS,MNMOFS_24,MNMOFS_43,Triticum aestivum (Wheat),Across rows,2007-05-09,2007-07-31,7
MNMOFS,MNMOFS_28,MNMOFS_20,Triticum aestivum (Wheat),Between rows,2007-06-08,2007-10-09,10
MNMOFS,MNMOFS_22,MNMOFS_19,Triticum aestivum (Wheat),Between rows,2007-05-09,2007-10-09,11
MNMOFS,MNMOFS_90,MNMOFS_19,Triticum aestivum (Wheat),Between rows,2007-05-09,2007-10-09,11
MNMOFS,MNMOFS_23,MNMOFS_17,Glycine max (Soybean),Between rows,2007-05-14,2007-10-09,11
MNMOFS,MNMOFS_44,MNMOFS_42,Triticum aestivum (Wheat),Between rows,2008-05-14,2008-07-23,6
MNMOFS,MNMOFS_165,MNMOFS_21,Medicago sativa (Alfalfa),Across rows,2007-05-09,2007-10-09,14
MNMOFS,MNMOFS_44,MNMOFS_42,Triticum aestivum (Wheat),Across rows,2008-05-14,2008-07-23,6
MNMOFS,MNMOFS_159,MNMOFS_20,Triticum aestivum (Wheat),Between rows,2007-06-08,2007-10-09,10
MNMOFS,MNMOFS_175,MNMOFS_22,Medicago sativa (Alfalfa),Across rows,2007-05-22,2007-10-09,11
MNMOFS,MNMOFS_83,MNMOFS_20,Triticum aestivum (Wheat),Between rows,2007-06-08,2007-10-09,10
MNMOFS,MNMOFS_51,MNMOFS_22,Medicago sativa (Alfalfa),Across rows,2007-05-22,2007-10-09,11
MNMOFS,MNMOFS_61,MNMOFS_33,Triticum aestivum (Wheat),Between rows,2006-05-09,2006-07-11,6
MNMOFS,MNMOFS_144,MNMOFS_22,Medicago sativa (Alfalfa),Between rows,2007-05-22,2007-10-09,11
MNMOFS,MNMOFS_80,MNMOFS_45,Triticum aestivum (Wheat),Between rows,2006-05-02,2006-08-29,10
MNMOFS,MNMOFS_47,MNMOFS_22,Medicago sativa (Alfalfa),Across rows,2007-05-22,2007-10-09,11
MNMOFS,MNMOFS_180,MNMOFS_45,Triticum aestivum (Wheat),Across rows,2006-05-02,2006-08-29,10
MNMOFS,MNMOFS_42,MNMOFS_44,Triticum aestivum (Wheat),Between rows,2007-05-09,2007-08-21,11
MNMOFS,MNMOFS_86,MNMOFS_24,Zea mays (Corn),Across rows,2007-06-08,2007-10-09,9
MNMOFS,MNMOFS_120,MNMOFS_43,Triticum aestivum (Wheat),Between rows,2007-05-09,2007-07-31,7
MNMOFS,MNMOFS_164,MNMOFS_43,Triticum aestivum (Wheat),Between rows,2007-05-09,2007-07-31,7
MNMOFS,MNMOFS_110,MNMOFS_46,Triticum aestivum (Wheat),Across rows,2006-05-02,2006-07-11,7
MNMOFS,MNMOFS_35,MNMOFS_23,Zea mays (Corn),Across rows,2007-05-09,2007-10-09,11
MNMOFS,MNMOFS_185,MNMOFS_44,Triticum aestivum (Wheat),Between rows,2007-05-09,2007-08-21,11
MNMOFS,MNMOFS_129,MNMOFS_21,Medicago sativa (Alfalfa),Across rows,2007-05-09,2007-10-09,14
MNMOFS,MNMOFS_116,MNMOFS_19,Triticum aestivum (Wheat),Between rows,2007-05-09,2007-10-09,11
MNMOFS,MNMOFS_54,MNMOFS_18,Glycine max (Soybean),Across rows,2007-06-08,2007-10-09,9
MNMOFS,MNMOFS_117,MNMOFS_17,Glycine max (Soybean),Between rows,2007-05-14,2007-10-09,11
MNMOFS,MNMOFS_52,MNMOFS_44,Triticum aestivum (Wheat),Between rows,2007-05-09,2007-08-21,10
MNMOFS,MNMOFS_26,MNMOFS_46,Triticum aestivum (Wheat),Across rows,2006-05-02,2006-07-11,7
MNMOFS,MNMOFS_111,MNMOFS_44,Triticum aestivum (Wheat),Between rows,2007-05-09,2007-08-21,11
MNMOFS,MNMOFS_89,MNMOFS_21,Medicago sativa (Alfalfa),Between rows,2007-05-09,2007-10-09,14
MNMOFS,MNMOFS_156,MNMOFS_46,Triticum aestivum (Wheat),Between rows,2006-05-02,2006-07-11,7
MNMOFS,MNMOFS_164,MNMOFS_43,Triticum aestivum (Wheat),Across rows,2007-05-09,2007-07-31,7
MNMOFS,MNMOFS_52,MNMOFS_44,Triticum aestivum (Wheat),Across rows,2007-05-09,2007-08-21,9
MNMOFS,MNMOFS_55,MNMOFS_46,Triticum aestivum (Wheat),Across rows,2006-05-02,2006-07-11,7
MNMOFS,MNMOFS_163,MNMOFS_19,Triticum aestivum (Wheat),Between rows,2007-05-09,2007-10-09,11
MNMOFS,MNMOFS_47,MNMOFS_22,Medicago sativa (Alfalfa),Between rows,2007-05-22,2007-10-09,11
MNMOFS,MNMOFS_50,MNMOFS_42,Triticum aestivum (Wheat),Between rows,2008-05-14,2008-07-23,6
MNMOFS,MNMOFS_89,MNMOFS_21,Medicago sativa (Alfalfa),Across rows,2007-05-09,2007-10-09,14
MNMOFS,MNMOFS_129,MNMOFS_21,Medicago sativa (Alfalfa),Between rows,2007-05-09,2007-10-09,14
MNMOFS,MNMOFS_55,MNMOFS_46,Triticum aestivum (Wheat),Between rows,2006-05-02,2006-07-11,7
MNMOFS,MNMOFS_175,MNMOFS_22,Medicago sativa (Alfalfa),Between rows,2007-05-22,2007-10-09,11
MNMOFS,MNMOFS_21,MNMOFS_21,Medicago sativa (Alfalfa),Between rows,2007-05-09,2007-10-09,14
MNMOFS,MNMOFS_110,MNMOFS_46,Triticum aestivum (Wheat),Between rows,2006-05-02,2006-07-11,7
MNMOFS,MNMOFS_26,MNMOFS_46,Triticum aestivum (Wheat),Between rows,2006-05-02,2006-07-11,7
MNMOFS,MNMOFS_120,MNMOFS_43,Triticum aestivum (Wheat),Across rows,2007-05-09,2007-07-31,7
MNMOFS,MNMOFS_61,MNMOFS_33,Triticum aestivum (Wheat),Across rows,2006-05-09,2006-07-11,6
MNMOFS,MNMOFS_24,MNMOFS_43,Triticum aestivum (Wheat),Between rows,2007-05-09,2007-07-31,7
MNMOFS,MNMOFS_92,MNMOFS_43,Triticum aestivum (Wheat),Between rows,2007-05-09,2007-07-31,7
MNMOFS,MNMOFS_156,MNMOFS_46,Triticum aestivum (Wheat),Across rows,2006-05-02,2006-07-11,7
MNMOFS,MNMOFS_21,MNMOFS_21,Medicago sativa (Alfalfa),Across rows,2007-05-09,2007-10-09,14
MNMOFS,MNMOFS_185,MNMOFS_44,Triticum aestivum (Wheat),Across rows,2007-05-09,2007-08-21,11
MNMOFS,MNMOFS_34,MNMOFS_29,Triticum aestivum (Wheat),Between rows,2004-04-07,2004-07-29,9
MNMOFS,MNMOFS_34,MNMOFS_29,Triticum aestivum (Wheat),Across rows,2004-04-07,2004-07-29,9
MNMOFS,MNMOFS_64,MNMOFS_29,Triticum aestivum (Wheat),Across rows,2004-04-07,2004-07-29,9
MNMOFS,MNMOFS_64,MNMOFS_29,Triticum aestivum (Wheat),Between rows,2004-04-07,2004-07-29,9
MNMOFS,MNMOFS_136,MNMOFS_29,Triticum aestivum (Wheat),Between rows,2004-04-07,2004-07-29,9
MNMOFS,MNMOFS_136,MNMOFS_29,Triticum aestivum (Wheat),Across rows,2004-04-07,2004-07-29,9
MNMOFS,MNMOFS_166,MNMOFS_29,Triticum aestivum (Wheat),Between rows,2004-04-07,2004-07-29,9
MNMOFS,MNMOFS_166,MNMOFS_29,Triticum aestivum (Wheat),Across rows,2004-04-07,2004-07-29,9
NEMEIRR,NEMEIRR_101,NEMEIRR_NT0,Zea mays (Corn),2:1 interrow:row,2011-04-28,2015-04-30,85
NEMEIRR,NEMEIRR_201,NEMEIRR_NT0,Zea mays (Corn),2:1 interrow:row,2011-04-28,2015-04-30,85
NEMEIRR,NEMEIRR_602,NEMEIRR_NT0,Zea mays (Corn),2:1 interrow:row,2011-04-28,2015-04-30,85
NEMEIRR,NEMEIRR_401,NEMEIRR_NT0,Zea mays (Corn),2:1 interrow:row,2011-04-28,2015-04-30,85
NEMEIRR,NEMEIRR_105,NEMEIRR_NT100,Zea mays (Corn),2:1 interrow:row,2011-04-28,2015-04-30,85
NEMEIRR,NEMEIRR_203,NEMEIRR_NT100,Zea mays (Corn),2:1 interrow:row,2011-04-28,2015-04-30,85
NEMEIRR,NEMEIRR_606,NEMEIRR_NT100,Zea mays (Corn),2:1 interrow:row,2011-04-28,2015-04-30,85
NEMEIRR,NEMEIRR_403,NEMEIRR_NT100,Zea mays (Corn),2:1 interrow:row,2011-04-28,2015-04-30,85
NEMEIRR,NEMEIRR_106,NEMEIRR_DK0,Zea mays (Corn),2:1 interrow:row,2011-04-28,2015-04-30,85
NEMEIRR,NEMEIRR_202,NEMEIRR_DK0,Zea mays (Corn),2:1 interrow:row,2011-04-28,2015-04-30,85
NEMEIRR,NEMEIRR_603,NEMEIRR_DK0,Zea mays (Corn),2:1 interrow:row,2011-04-28,2015-04-30,85
NEMEIRR,NEMEIRR_402,NEMEIRR_DK0,Zea mays (Corn),2:1 interrow:row,2011-04-28,2015-04-30,85
NEMEIRR,NEMEIRR_102,NEMEIRR_DK100,Zea mays (Corn),2:1 interrow:row,2011-04-28,2015-04-30,85
NEMEIRR,NEMEIRR_204,NEMEIRR_DK100,Zea mays (Corn),2:1 interrow:row,2011-04-28,2015-04-30,85
NEMEIRR,NEMEIRR_605,NEMEIRR_DK100,Zea mays (Corn),2:1 interrow:row,2011-04-28,2015-04-30,85
NEMEIRR,NEMEIRR_404,NEMEIRR_DK100,Zea mays (Corn),2:1 interrow:row,2011-04-28,2015-04-30,85
NEMEIRR,NEMEIRR_103,NEMEIRR_NT50,Zea mays (Corn),2:1 interrow:row,2014-05-08,2015-04-30,21
NEMEIRR,NEMEIRR_205,NEMEIRR_NT50,Zea mays (Corn),2:1 interrow:row,2014-05-08,2015-04-30,21
NEMEIRR,NEMEIRR_604,NEMEIRR_NT50,Zea mays (Corn),2:1 interrow:row,2014-05-08,2015-04-30,21
NEMEIRR,NEMEIRR_405,NEMEIRR_NT50,Zea mays (Corn),2:1 interrow:row,2014-05-08,2015-04-30,21
NEMEIRR,NEMEIRR_104,NEMEIRR_DK50,Zea mays (Corn),2:1 interrow:row,2014-05-08,2015-04-30,21
NEMEIRR,NEMEIRR_206,NEMEIRR_DK50,Zea mays (Corn),2:1 interrow:row,2014-05-08,2015-04-30,21
NEMEIRR,NEMEIRR_604,NEMEIRR_DK50,Zea mays (Corn),2:1 interrow:row,2014-05-08,2015-04-30,21
NEMEIRR,NEMEIRR_406,NEMEIRR_DK50,Zea mays (Corn),2:1 interrow:row,2014-05-08,2015-04-30,21
